[2024-12-10 10:05:04,538] [INFO] [real_accelerator.py:219:get_accelerator] Setting ds_accelerator to cuda (auto detect)
🦥 Unsloth: Will patch your computer to enable 2x faster free finetuning.
🦥 Unsloth Zoo will now patch everything to make training faster!
is bf16: 1
is fp16: 0
ScriptArguments(model_name_or_path='/mnt/bn/merlin-datavolume-tsy/leon/checkpoints/self-rewarding/M0', dataset_name='lucasmccabe-lmi/CodeAlpaca-20k', log_with='none', learning_rate=5e-05, batch_size=16, seq_length=2048, gradient_accumulation_steps=2, load_in_8bit=False, load_in_4bit=True, use_peft=False, trust_remote_code=False, output_dir='/mnt/bn/merlin-datavolume-tsy/leon/checkpoints/self-rewarding//CodeAlpaca-20k_fedavg_c10s2_i-1_b16a2_l2048_r8a16', peft_lora_r=8, peft_lora_alpha=16, logging_steps=100, use_auth_token=False, num_train_epochs=1, max_steps=-1, save_strategy='epoch', save_steps=1000, save_total_limit=3, push_to_hub=False, hub_model_id=None, gradient_checkpointing=True, template='alpaca', seed=None, dpo_beta=0.1, dataset_sample=20000, local_data_dir=None, unsloth=1, bf16=1, fp16=0, online_dataset=0, full_data=0, still_contain_base_data=0, prompt_num=100, response_num=4, generate_data_path='/mnt/bn/merlin-datavolume-tsy/leon/datasets/self-rewarding/') FedArguments(fed_alg='fedavg', num_rounds=30, num_clients=10, sample_clients=2, split_strategy='iid', prox_mu=0.01, fedopt_tau=0.001, fedopt_eta=0.001, fedopt_beta1=0.9, fedopt_beta2=0.99, save_model_freq=10)
using unsloth model
==((====))==  Unsloth 2024.12.4: Fast Llama patching. Transformers:4.46.3.
   \\   /|    GPU: NVIDIA A100-SXM4-80GB. Max memory: 79.151 GB. Platform: Linux.
O^O/ \_/ \    Torch: 2.5.1. CUDA: 8.0. CUDA Toolkit: 12.1. Triton: 3.1.0
\        /    Bfloat16 = TRUE. FA [Xformers = 0.0.28.post3. FA2 = False]
 "-____-"     Free Apache license: http://github.com/unslothai/unsloth
Unsloth: Fast downloading is enabled - ignore downloading bars which are red colored!
30
>> ==================== Round 1 : [6, 9] ====================
2024-12-10 10:06:26,075 - root - INFO - Generating 4 responses per prompt
2024-12-10 10:06:26,076 - root - INFO - Processing completion 1 of 4
2024-12-10 10:06:35,366 - root - INFO - Processing completion 2 of 4
2024-12-10 10:06:43,750 - root - INFO - Processing completion 3 of 4
2024-12-10 10:06:52,741 - root - INFO - Processing completion 4 of 4
2024-12-10 10:07:02,493 - root - INFO - Processing completion 1 of 4
2024-12-10 10:07:12,279 - root - INFO - Processing completion 2 of 4
2024-12-10 10:07:21,964 - root - INFO - Processing completion 3 of 4
2024-12-10 10:07:32,083 - root - INFO - Processing completion 4 of 4
2024-12-10 10:07:36,425 - root - INFO - Processing completion 1 of 4
2024-12-10 10:07:41,197 - root - INFO - Processing completion 2 of 4
2024-12-10 10:07:50,933 - root - INFO - Processing completion 3 of 4
2024-12-10 10:07:59,749 - root - INFO - Processing completion 4 of 4
2024-12-10 10:08:04,220 - root - INFO - Processing completion 1 of 4
2024-12-10 10:08:13,700 - root - INFO - Processing completion 2 of 4
2024-12-10 10:08:23,230 - root - INFO - Processing completion 3 of 4
2024-12-10 10:08:28,807 - root - INFO - Processing completion 4 of 4
2024-12-10 10:08:37,740 - root - INFO - Processing completion 1 of 4
2024-12-10 10:08:46,577 - root - INFO - Processing completion 2 of 4
2024-12-10 10:08:55,461 - root - INFO - Processing completion 3 of 4
2024-12-10 10:09:04,444 - root - INFO - Processing completion 4 of 4
2024-12-10 10:09:13,315 - root - INFO - Processing completion 1 of 4
2024-12-10 10:09:22,240 - root - INFO - Processing completion 2 of 4
2024-12-10 10:09:28,703 - root - INFO - Processing completion 3 of 4
2024-12-10 10:09:32,295 - root - INFO - Processing completion 4 of 4
2024-12-10 10:09:39,117 - root - INFO - Processing completion 1 of 4
2024-12-10 10:09:44,654 - root - INFO - Processing completion 2 of 4
2024-12-10 10:09:52,466 - root - INFO - Processing completion 3 of 4
2024-12-10 10:09:58,313 - root - INFO - Processing completion 4 of 4
2024-12-10 10:10:00,541 - root - INFO - Processing completion 1 of 4
2024-12-10 10:10:09,450 - root - INFO - Processing completion 2 of 4
2024-12-10 10:10:18,285 - root - INFO - Processing completion 3 of 4
2024-12-10 10:10:27,198 - root - INFO - Processing completion 4 of 4
2024-12-10 10:10:35,650 - root - INFO - Processing completion 1 of 4
2024-12-10 10:10:44,585 - root - INFO - Processing completion 2 of 4
2024-12-10 10:10:50,287 - root - INFO - Processing completion 3 of 4
2024-12-10 10:10:52,484 - root - INFO - Processing completion 4 of 4
2024-12-10 10:10:56,187 - root - INFO - Processing completion 1 of 4
2024-12-10 10:10:58,860 - root - INFO - Processing completion 2 of 4
2024-12-10 10:11:00,940 - root - INFO - Processing completion 3 of 4
2024-12-10 10:11:04,601 - root - INFO - Processing completion 4 of 4
2024-12-10 10:11:08,297 - root - INFO - Processing completion 1 of 4
2024-12-10 10:11:11,281 - root - INFO - Processing completion 2 of 4
2024-12-10 10:11:13,519 - root - INFO - Processing completion 3 of 4
2024-12-10 10:11:16,259 - root - INFO - Processing completion 4 of 4
2024-12-10 10:11:19,941 - root - INFO - Processing completion 1 of 4
2024-12-10 10:11:25,263 - root - INFO - Processing completion 2 of 4
2024-12-10 10:11:27,773 - root - INFO - Processing completion 3 of 4
2024-12-10 10:11:31,836 - root - INFO - Processing completion 4 of 4
2024-12-10 10:11:37,214 - root - INFO - Processing completion 1 of 4
2024-12-10 10:11:40,268 - root - INFO - Processing completion 2 of 4
2024-12-10 10:11:44,080 - root - INFO - Processing completion 3 of 4
2024-12-10 10:11:50,516 - root - INFO - Processing completion 4 of 4
2024-12-10 10:11:56,619 - root - INFO - Processing completion 1 of 4
2024-12-10 10:12:00,075 - root - INFO - Processing completion 2 of 4
2024-12-10 10:12:04,360 - root - INFO - Processing completion 3 of 4
2024-12-10 10:12:07,888 - root - INFO - Processing completion 4 of 4
2024-12-10 10:12:09,575 - root - INFO - Processing completion 1 of 4
2024-12-10 10:12:12,701 - root - INFO - Processing completion 2 of 4
2024-12-10 10:12:16,651 - root - INFO - Processing completion 3 of 4
2024-12-10 10:12:20,531 - root - INFO - Processing completion 4 of 4
2024-12-10 10:12:22,598 - root - INFO - Processing completion 1 of 4
2024-12-10 10:12:23,812 - root - INFO - Processing completion 2 of 4
2024-12-10 10:12:26,365 - root - INFO - Processing completion 3 of 4
2024-12-10 10:12:27,682 - root - INFO - Processing completion 4 of 4
2024-12-10 10:12:32,441 - root - INFO - Processing completion 1 of 4
2024-12-10 10:12:37,829 - root - INFO - Processing completion 2 of 4
2024-12-10 10:12:41,261 - root - INFO - Processing completion 3 of 4
2024-12-10 10:12:45,424 - root - INFO - Processing completion 4 of 4
2024-12-10 10:12:49,501 - root - INFO - Processing completion 1 of 4
2024-12-10 10:12:58,276 - root - INFO - Processing completion 2 of 4
2024-12-10 10:13:04,182 - root - INFO - Processing completion 3 of 4
2024-12-10 10:13:13,135 - root - INFO - Processing completion 4 of 4
2024-12-10 10:13:21,798 - root - INFO - Processing completion 1 of 4
2024-12-10 10:13:26,448 - root - INFO - Processing completion 2 of 4
2024-12-10 10:13:30,073 - root - INFO - Processing completion 3 of 4
2024-12-10 10:13:33,273 - root - INFO - Processing completion 4 of 4
2024-12-10 10:13:36,046 - root - INFO - Processing completion 1 of 4
2024-12-10 10:13:39,784 - root - INFO - Processing completion 2 of 4
2024-12-10 10:13:45,178 - root - INFO - Processing completion 3 of 4
2024-12-10 10:13:52,290 - root - INFO - Processing completion 4 of 4
2024-12-10 10:13:55,889 - root - INFO - Processing completion 1 of 4
2024-12-10 10:14:00,977 - root - INFO - Processing completion 2 of 4
2024-12-10 10:14:09,433 - root - INFO - Processing completion 3 of 4
2024-12-10 10:14:15,041 - root - INFO - Processing completion 4 of 4
2024-12-10 10:14:20,223 - root - INFO - Processing completion 1 of 4
2024-12-10 10:14:29,061 - root - INFO - Processing completion 2 of 4
2024-12-10 10:14:34,217 - root - INFO - Processing completion 3 of 4
2024-12-10 10:14:35,610 - root - INFO - Processing completion 4 of 4
2024-12-10 10:14:41,743 - root - INFO - Processing completion 1 of 4
2024-12-10 10:14:50,613 - root - INFO - Processing completion 2 of 4
2024-12-10 10:14:59,698 - root - INFO - Processing completion 3 of 4
2024-12-10 10:15:08,764 - root - INFO - Processing completion 4 of 4
2024-12-10 10:15:17,770 - root - INFO - Processing completion 1 of 4
2024-12-10 10:15:20,233 - root - INFO - Processing completion 2 of 4
2024-12-10 10:15:24,926 - root - INFO - Processing completion 3 of 4
2024-12-10 10:15:26,548 - root - INFO - Processing completion 4 of 4
2024-12-10 10:15:31,270 - root - INFO - Processing completion 1 of 4
2024-12-10 10:15:40,312 - root - INFO - Processing completion 2 of 4
2024-12-10 10:15:48,919 - root - INFO - Processing completion 3 of 4
2024-12-10 10:15:57,146 - root - INFO - Processing completion 4 of 4
2024-12-10 10:16:06,039 - root - INFO - Processing completion 1 of 4
2024-12-10 10:16:10,985 - root - INFO - Processing completion 2 of 4
2024-12-10 10:16:15,192 - root - INFO - Processing completion 3 of 4
2024-12-10 10:16:16,556 - root - INFO - Processing completion 4 of 4
2024-12-10 10:16:20,507 - root - INFO - Processing completion 1 of 4
2024-12-10 10:16:23,107 - root - INFO - Processing completion 2 of 4
2024-12-10 10:16:25,444 - root - INFO - Processing completion 3 of 4
2024-12-10 10:16:28,284 - root - INFO - Processing completion 4 of 4
2024-12-10 10:16:30,499 - root - INFO - Processing completion 1 of 4
2024-12-10 10:16:38,585 - root - INFO - Processing completion 2 of 4
2024-12-10 10:16:45,724 - root - INFO - Processing completion 3 of 4
2024-12-10 10:16:49,487 - root - INFO - Processing completion 4 of 4
2024-12-10 10:16:58,418 - root - INFO - Processing completion 1 of 4
2024-12-10 10:17:07,513 - root - INFO - Processing completion 2 of 4
2024-12-10 10:17:12,631 - root - INFO - Processing completion 3 of 4
2024-12-10 10:17:20,905 - root - INFO - Processing completion 4 of 4
2024-12-10 10:17:26,142 - root - INFO - Processing completion 1 of 4
2024-12-10 10:17:32,381 - root - INFO - Processing completion 2 of 4
2024-12-10 10:17:41,945 - root - INFO - Processing completion 3 of 4
2024-12-10 10:17:49,808 - root - INFO - Processing completion 4 of 4
2024-12-10 10:17:58,511 - root - INFO - Processing completion 1 of 4
2024-12-10 10:18:08,105 - root - INFO - Processing completion 2 of 4
2024-12-10 10:18:17,344 - root - INFO - Processing completion 3 of 4
2024-12-10 10:18:20,744 - root - INFO - Processing completion 4 of 4
2024-12-10 10:18:30,359 - root - INFO - Processing completion 1 of 4
2024-12-10 10:18:31,375 - root - INFO - Processing completion 2 of 4
2024-12-10 10:18:35,745 - root - INFO - Processing completion 3 of 4
2024-12-10 10:18:41,023 - root - INFO - Processing completion 4 of 4
2024-12-10 10:18:45,938 - root - INFO - Processing completion 1 of 4
2024-12-10 10:18:54,832 - root - INFO - Processing completion 2 of 4
2024-12-10 10:19:03,680 - root - INFO - Processing completion 3 of 4
2024-12-10 10:19:12,603 - root - INFO - Processing completion 4 of 4
2024-12-10 10:19:21,441 - root - INFO - Processing completion 1 of 4
2024-12-10 10:19:24,860 - root - INFO - Processing completion 2 of 4
2024-12-10 10:19:26,790 - root - INFO - Processing completion 3 of 4
2024-12-10 10:19:34,753 - root - INFO - Processing completion 4 of 4
2024-12-10 10:19:37,957 - root - INFO - Processing completion 1 of 4
2024-12-10 10:19:46,861 - root - INFO - Processing completion 2 of 4
2024-12-10 10:19:55,686 - root - INFO - Processing completion 3 of 4
2024-12-10 10:20:04,516 - root - INFO - Processing completion 4 of 4
2024-12-10 10:20:09,292 - root - INFO - Processing completion 1 of 4
2024-12-10 10:20:19,531 - root - INFO - Processing completion 2 of 4
2024-12-10 10:20:28,934 - root - INFO - Processing completion 3 of 4
2024-12-10 10:20:37,763 - root - INFO - Processing completion 4 of 4
2024-12-10 10:20:46,580 - root - INFO - Processing completion 1 of 4
2024-12-10 10:20:55,506 - root - INFO - Processing completion 2 of 4
2024-12-10 10:21:01,351 - root - INFO - Processing completion 3 of 4
2024-12-10 10:21:05,891 - root - INFO - Processing completion 4 of 4
2024-12-10 10:21:14,744 - root - INFO - Processing completion 1 of 4
2024-12-10 10:21:23,557 - root - INFO - Processing completion 2 of 4
2024-12-10 10:21:32,455 - root - INFO - Processing completion 3 of 4
2024-12-10 10:21:41,275 - root - INFO - Processing completion 4 of 4
2024-12-10 10:21:50,084 - root - INFO - Processing completion 1 of 4
2024-12-10 10:21:58,858 - root - INFO - Processing completion 2 of 4
2024-12-10 10:22:04,012 - root - INFO - Processing completion 3 of 4
2024-12-10 10:22:11,178 - root - INFO - Processing completion 4 of 4
2024-12-10 10:22:19,023 - root - INFO - Processing completion 1 of 4
2024-12-10 10:22:19,464 - root - INFO - Processing completion 2 of 4
2024-12-10 10:22:20,828 - root - INFO - Processing completion 3 of 4
2024-12-10 10:22:21,713 - root - INFO - Processing completion 4 of 4
2024-12-10 10:22:22,309 - root - INFO - Processing completion 1 of 4
2024-12-10 10:22:31,462 - root - INFO - Processing completion 2 of 4
2024-12-10 10:22:40,469 - root - INFO - Processing completion 3 of 4
2024-12-10 10:22:49,470 - root - INFO - Processing completion 4 of 4
2024-12-10 10:22:56,217 - root - INFO - Processing completion 1 of 4
2024-12-10 10:23:05,411 - root - INFO - Processing completion 2 of 4
2024-12-10 10:23:11,665 - root - INFO - Processing completion 3 of 4
2024-12-10 10:23:21,078 - root - INFO - Processing completion 4 of 4
2024-12-10 10:23:30,069 - root - INFO - Processing completion 1 of 4
2024-12-10 10:23:39,420 - root - INFO - Processing completion 2 of 4
2024-12-10 10:23:42,346 - root - INFO - Processing completion 3 of 4
2024-12-10 10:23:44,421 - root - INFO - Processing completion 4 of 4
2024-12-10 10:23:53,390 - root - INFO - Processing completion 1 of 4
2024-12-10 10:23:53,676 - root - INFO - Processing completion 2 of 4
2024-12-10 10:23:54,270 - root - INFO - Processing completion 3 of 4
2024-12-10 10:23:54,550 - root - INFO - Processing completion 4 of 4
2024-12-10 10:23:54,832 - root - INFO - Processing completion 1 of 4
2024-12-10 10:24:03,957 - root - INFO - Processing completion 2 of 4
2024-12-10 10:24:12,873 - root - INFO - Processing completion 3 of 4
2024-12-10 10:24:20,973 - root - INFO - Processing completion 4 of 4
2024-12-10 10:24:29,814 - root - INFO - Processing completion 1 of 4
2024-12-10 10:24:34,105 - root - INFO - Processing completion 2 of 4
2024-12-10 10:24:36,651 - root - INFO - Processing completion 3 of 4
2024-12-10 10:24:45,470 - root - INFO - Processing completion 4 of 4
2024-12-10 10:24:48,946 - root - INFO - Processing completion 1 of 4
2024-12-10 10:24:52,116 - root - INFO - Processing completion 2 of 4
2024-12-10 10:25:01,113 - root - INFO - Processing completion 3 of 4
2024-12-10 10:25:10,136 - root - INFO - Processing completion 4 of 4
2024-12-10 10:25:19,208 - root - INFO - Processing completion 1 of 4
2024-12-10 10:25:25,420 - root - INFO - Processing completion 2 of 4
2024-12-10 10:25:29,088 - root - INFO - Processing completion 3 of 4
2024-12-10 10:25:37,987 - root - INFO - Processing completion 4 of 4
2024-12-10 10:25:43,424 - root - INFO - Processing completion 1 of 4
2024-12-10 10:25:46,700 - root - INFO - Processing completion 2 of 4
2024-12-10 10:25:51,841 - root - INFO - Processing completion 3 of 4
2024-12-10 10:25:57,006 - root - INFO - Processing completion 4 of 4
2024-12-10 10:26:01,456 - root - INFO - Processing completion 1 of 4
2024-12-10 10:26:06,813 - root - INFO - Processing completion 2 of 4
2024-12-10 10:26:11,543 - root - INFO - Processing completion 3 of 4
2024-12-10 10:26:16,510 - root - INFO - Processing completion 4 of 4
2024-12-10 10:26:21,827 - root - INFO - Processing completion 1 of 4
2024-12-10 10:26:25,347 - root - INFO - Processing completion 2 of 4
2024-12-10 10:26:29,002 - root - INFO - Processing completion 3 of 4
2024-12-10 10:26:31,880 - root - INFO - Processing completion 4 of 4
2024-12-10 10:26:35,293 - root - INFO - Processing completion 1 of 4
2024-12-10 10:26:43,829 - root - INFO - Processing completion 2 of 4
2024-12-10 10:26:50,673 - root - INFO - Processing completion 3 of 4
2024-12-10 10:26:56,423 - root - INFO - Processing completion 4 of 4
2024-12-10 10:27:03,169 - root - INFO - Processing completion 1 of 4
2024-12-10 10:27:08,256 - root - INFO - Processing completion 2 of 4
2024-12-10 10:27:14,324 - root - INFO - Processing completion 3 of 4
2024-12-10 10:27:19,678 - root - INFO - Processing completion 4 of 4
2024-12-10 10:27:25,927 - root - INFO - Processing completion 1 of 4
2024-12-10 10:27:31,914 - root - INFO - Processing completion 2 of 4
2024-12-10 10:27:37,465 - root - INFO - Processing completion 3 of 4
2024-12-10 10:27:43,378 - root - INFO - Processing completion 4 of 4
2024-12-10 10:27:49,355 - root - INFO - Processing completion 1 of 4
2024-12-10 10:27:55,681 - root - INFO - Processing completion 2 of 4
2024-12-10 10:28:02,158 - root - INFO - Processing completion 3 of 4
2024-12-10 10:28:07,594 - root - INFO - Processing completion 4 of 4
2024-12-10 10:28:13,936 - root - INFO - Processing completion 1 of 4
2024-12-10 10:28:22,853 - root - INFO - Processing completion 2 of 4
2024-12-10 10:28:31,838 - root - INFO - Processing completion 3 of 4
2024-12-10 10:28:40,798 - root - INFO - Processing completion 4 of 4
2024-12-10 10:28:49,869 - root - INFO - Processing completion 1 of 4
2024-12-10 10:28:54,487 - root - INFO - Processing completion 2 of 4
2024-12-10 10:29:03,606 - root - INFO - Processing completion 3 of 4
2024-12-10 10:29:11,048 - root - INFO - Processing completion 4 of 4
2024-12-10 10:29:17,041 - root - INFO - Processing completion 1 of 4
2024-12-10 10:29:26,024 - root - INFO - Processing completion 2 of 4
2024-12-10 10:29:34,903 - root - INFO - Processing completion 3 of 4
2024-12-10 10:29:43,592 - root - INFO - Processing completion 4 of 4
2024-12-10 10:29:52,238 - root - INFO - Processing completion 1 of 4
2024-12-10 10:30:00,947 - root - INFO - Processing completion 2 of 4
2024-12-10 10:30:05,832 - root - INFO - Processing completion 3 of 4
2024-12-10 10:30:14,841 - root - INFO - Processing completion 4 of 4
2024-12-10 10:30:23,700 - root - INFO - Processing completion 1 of 4
2024-12-10 10:30:32,753 - root - INFO - Processing completion 2 of 4
2024-12-10 10:30:40,654 - root - INFO - Processing completion 3 of 4
2024-12-10 10:30:49,459 - root - INFO - Processing completion 4 of 4
2024-12-10 10:30:56,364 - root - INFO - Processing completion 1 of 4
2024-12-10 10:31:05,515 - root - INFO - Processing completion 2 of 4
2024-12-10 10:31:08,399 - root - INFO - Processing completion 3 of 4
2024-12-10 10:31:12,399 - root - INFO - Processing completion 4 of 4
2024-12-10 10:31:15,646 - root - INFO - Processing completion 1 of 4
2024-12-10 10:31:17,293 - root - INFO - Processing completion 2 of 4
2024-12-10 10:31:18,364 - root - INFO - Processing completion 3 of 4
2024-12-10 10:31:19,845 - root - INFO - Processing completion 4 of 4
2024-12-10 10:31:21,078 - root - INFO - Processing completion 1 of 4
2024-12-10 10:31:23,326 - root - INFO - Processing completion 2 of 4
2024-12-10 10:31:26,265 - root - INFO - Processing completion 3 of 4
2024-12-10 10:31:29,352 - root - INFO - Processing completion 4 of 4
2024-12-10 10:31:31,764 - root - INFO - Processing completion 1 of 4
2024-12-10 10:31:40,839 - root - INFO - Processing completion 2 of 4
2024-12-10 10:31:49,671 - root - INFO - Processing completion 3 of 4
2024-12-10 10:31:58,498 - root - INFO - Processing completion 4 of 4
2024-12-10 10:32:07,334 - root - INFO - Processing completion 1 of 4
2024-12-10 10:32:16,164 - root - INFO - Processing completion 2 of 4
2024-12-10 10:32:24,680 - root - INFO - Processing completion 3 of 4
2024-12-10 10:32:33,457 - root - INFO - Processing completion 4 of 4
2024-12-10 10:32:42,195 - root - INFO - Processing completion 1 of 4
2024-12-10 10:32:50,413 - root - INFO - Processing completion 2 of 4
2024-12-10 10:32:57,567 - root - INFO - Processing completion 3 of 4
2024-12-10 10:33:06,463 - root - INFO - Processing completion 4 of 4
2024-12-10 10:33:13,068 - root - INFO - Processing completion 1 of 4
2024-12-10 10:33:21,827 - root - INFO - Processing completion 2 of 4
2024-12-10 10:33:30,503 - root - INFO - Processing completion 3 of 4
2024-12-10 10:33:37,351 - root - INFO - Processing completion 4 of 4
2024-12-10 10:33:46,102 - root - INFO - Processing completion 1 of 4
2024-12-10 10:33:49,505 - root - INFO - Processing completion 2 of 4
2024-12-10 10:33:58,256 - root - INFO - Processing completion 3 of 4
2024-12-10 10:34:06,145 - root - INFO - Processing completion 4 of 4
2024-12-10 10:34:16,177 - root - INFO - Processing completion 1 of 4
2024-12-10 10:34:26,335 - root - INFO - Processing completion 2 of 4
2024-12-10 10:34:29,077 - root - INFO - Processing completion 3 of 4
2024-12-10 10:34:34,929 - root - INFO - Processing completion 4 of 4
2024-12-10 10:34:45,091 - root - INFO - Processing completion 1 of 4
2024-12-10 10:34:54,024 - root - INFO - Processing completion 2 of 4
2024-12-10 10:34:57,261 - root - INFO - Processing completion 3 of 4
2024-12-10 10:35:07,477 - root - INFO - Processing completion 4 of 4
2024-12-10 10:35:17,493 - root - INFO - Processing completion 1 of 4
2024-12-10 10:35:27,614 - root - INFO - Processing completion 2 of 4
2024-12-10 10:35:34,645 - root - INFO - Processing completion 3 of 4
2024-12-10 10:35:44,892 - root - INFO - Processing completion 4 of 4
2024-12-10 10:35:54,626 - root - INFO - Processing completion 1 of 4
2024-12-10 10:36:04,321 - root - INFO - Processing completion 2 of 4
2024-12-10 10:36:13,958 - root - INFO - Processing completion 3 of 4
2024-12-10 10:36:23,751 - root - INFO - Processing completion 4 of 4
2024-12-10 10:36:33,288 - root - INFO - Processing completion 1 of 4
2024-12-10 10:36:43,158 - root - INFO - Processing completion 2 of 4
2024-12-10 10:36:51,468 - root - INFO - Processing completion 3 of 4
2024-12-10 10:37:00,976 - root - INFO - Processing completion 4 of 4
2024-12-10 10:37:10,486 - root - INFO - Processing completion 1 of 4
2024-12-10 10:37:18,444 - root - INFO - Processing completion 2 of 4
2024-12-10 10:37:25,660 - root - INFO - Processing completion 3 of 4
2024-12-10 10:37:32,232 - root - INFO - Processing completion 4 of 4
2024-12-10 10:37:36,307 - root - INFO - Processing completion 1 of 4
2024-12-10 10:37:45,808 - root - INFO - Processing completion 2 of 4
2024-12-10 10:37:55,773 - root - INFO - Processing completion 3 of 4
2024-12-10 10:38:05,719 - root - INFO - Processing completion 4 of 4
2024-12-10 10:38:15,350 - root - INFO - Processing completion 1 of 4
2024-12-10 10:38:20,916 - root - INFO - Processing completion 2 of 4
2024-12-10 10:38:28,977 - root - INFO - Processing completion 3 of 4
2024-12-10 10:38:35,995 - root - INFO - Processing completion 4 of 4
2024-12-10 10:38:43,472 - root - INFO - Processing completion 1 of 4
2024-12-10 10:38:53,178 - root - INFO - Processing completion 2 of 4
2024-12-10 10:39:02,912 - root - INFO - Processing completion 3 of 4
2024-12-10 10:39:12,438 - root - INFO - Processing completion 4 of 4
2024-12-10 10:39:21,846 - root - INFO - Processing completion 1 of 4
2024-12-10 10:39:23,815 - root - INFO - Processing completion 2 of 4
2024-12-10 10:39:28,893 - root - INFO - Processing completion 3 of 4
2024-12-10 10:39:30,799 - root - INFO - Processing completion 4 of 4
2024-12-10 10:39:32,332 - root - INFO - Processing completion 1 of 4
2024-12-10 10:39:42,231 - root - INFO - Processing completion 2 of 4
2024-12-10 10:39:51,534 - root - INFO - Processing completion 3 of 4
2024-12-10 10:39:57,096 - root - INFO - Processing completion 4 of 4
2024-12-10 10:40:06,431 - root - INFO - Processing completion 1 of 4
2024-12-10 10:40:10,859 - root - INFO - Processing completion 2 of 4
2024-12-10 10:40:15,292 - root - INFO - Processing completion 3 of 4
2024-12-10 10:40:18,519 - root - INFO - Processing completion 4 of 4
2024-12-10 10:40:27,808 - root - INFO - Processing completion 1 of 4
2024-12-10 10:40:30,961 - root - INFO - Processing completion 2 of 4
2024-12-10 10:40:33,518 - root - INFO - Processing completion 3 of 4
2024-12-10 10:40:35,928 - root - INFO - Processing completion 4 of 4
2024-12-10 10:40:37,881 - root - INFO - Processing completion 1 of 4
2024-12-10 10:40:41,112 - root - INFO - Processing completion 2 of 4
2024-12-10 10:40:44,506 - root - INFO - Processing completion 3 of 4
2024-12-10 10:40:46,837 - root - INFO - Processing completion 4 of 4
2024-12-10 10:40:49,319 - root - INFO - Processing completion 1 of 4
2024-12-10 10:40:58,660 - root - INFO - Processing completion 2 of 4
2024-12-10 10:41:07,941 - root - INFO - Processing completion 3 of 4
2024-12-10 10:41:15,631 - root - INFO - Processing completion 4 of 4
2024-12-10 10:41:24,854 - root - INFO - Processing completion 1 of 4
2024-12-10 10:41:34,076 - root - INFO - Processing completion 2 of 4
2024-12-10 10:41:43,636 - root - INFO - Processing completion 3 of 4
2024-12-10 10:41:53,061 - root - INFO - Processing completion 4 of 4
2024-12-10 10:42:02,129 - root - INFO - Processing completion 1 of 4
2024-12-10 10:42:11,118 - root - INFO - Processing completion 2 of 4
2024-12-10 10:42:20,258 - root - INFO - Processing completion 3 of 4
2024-12-10 10:42:29,554 - root - INFO - Processing completion 4 of 4
2024-12-10 10:42:38,773 - root - INFO - Processing completion 1 of 4
2024-12-10 10:42:39,683 - root - INFO - Processing completion 2 of 4
2024-12-10 10:42:40,370 - root - INFO - Processing completion 3 of 4
2024-12-10 10:42:42,053 - root - INFO - Processing completion 4 of 4
2024-12-10 10:42:42,717 - root - INFO - Processing completion 1 of 4
2024-12-10 10:42:49,454 - root - INFO - Processing completion 2 of 4
2024-12-10 10:42:58,531 - root - INFO - Processing completion 3 of 4
2024-12-10 10:43:07,582 - root - INFO - Processing completion 4 of 4
2024-12-10 10:43:16,587 - root - INFO - Processing completion 1 of 4
2024-12-10 10:43:25,801 - root - INFO - Processing completion 2 of 4
2024-12-10 10:43:35,373 - root - INFO - Processing completion 3 of 4
2024-12-10 10:43:44,766 - root - INFO - Processing completion 4 of 4
2024-12-10 10:43:53,960 - root - INFO - Processing completion 1 of 4
2024-12-10 10:44:03,272 - root - INFO - Processing completion 2 of 4
2024-12-10 10:44:12,565 - root - INFO - Processing completion 3 of 4
2024-12-10 10:44:21,934 - root - INFO - Processing completion 4 of 4
2024-12-10 10:44:31,190 - root - INFO - Processing completion 1 of 4
2024-12-10 10:44:40,947 - root - INFO - Processing completion 2 of 4
2024-12-10 10:44:50,089 - root - INFO - Processing completion 3 of 4
2024-12-10 10:44:59,358 - root - INFO - Processing completion 4 of 4
2024-12-10 10:45:08,579 - root - INFO - Processing completion 1 of 4
2024-12-10 10:45:17,713 - root - INFO - Processing completion 2 of 4
2024-12-10 10:45:26,861 - root - INFO - Processing completion 3 of 4
2024-12-10 10:45:36,217 - root - INFO - Processing completion 4 of 4
2024-12-10 10:45:45,610 - root - INFO - Processing completion 1 of 4
2024-12-10 10:45:54,894 - root - INFO - Processing completion 2 of 4
2024-12-10 10:46:04,085 - root - INFO - Processing completion 3 of 4
2024-12-10 10:46:08,901 - root - INFO - Processing completion 4 of 4
2024-12-10 10:46:17,370 - root - INFO - Processing completion 1 of 4
2024-12-10 10:46:26,508 - root - INFO - Processing completion 2 of 4
2024-12-10 10:46:29,885 - root - INFO - Processing completion 3 of 4
2024-12-10 10:46:32,059 - root - INFO - Processing completion 4 of 4
2024-12-10 10:46:35,695 - root - INFO - Processing completion 1 of 4
2024-12-10 10:46:45,207 - root - INFO - Processing completion 2 of 4
2024-12-10 10:46:54,399 - root - INFO - Processing completion 3 of 4
2024-12-10 10:47:03,575 - root - INFO - Processing completion 4 of 4
2024-12-10 10:47:12,800 - root - INFO - Processing completion 1 of 4
2024-12-10 10:47:18,320 - root - INFO - Processing completion 2 of 4
2024-12-10 10:47:25,397 - root - INFO - Processing completion 3 of 4
2024-12-10 10:47:33,036 - root - INFO - Processing completion 4 of 4
2024-12-10 10:47:38,783 - root - INFO - Processing completion 1 of 4
2024-12-10 10:47:48,069 - root - INFO - Processing completion 2 of 4
2024-12-10 10:47:57,367 - root - INFO - Processing completion 3 of 4
2024-12-10 10:48:06,610 - root - INFO - Processing completion 4 of 4
2024-12-10 10:48:15,852 - root - INFO - Processing completion 1 of 4
2024-12-10 10:48:25,258 - root - INFO - Processing completion 2 of 4
2024-12-10 10:48:32,171 - root - INFO - Processing completion 3 of 4
2024-12-10 10:48:41,727 - root - INFO - Processing completion 4 of 4
2024-12-10 10:48:50,983 - root - INFO - Processing completion 1 of 4
2024-12-10 10:49:00,168 - root - INFO - Processing completion 2 of 4
2024-12-10 10:49:09,512 - root - INFO - Processing completion 3 of 4
2024-12-10 10:49:18,725 - root - INFO - Processing completion 4 of 4
2024-12-10 10:49:28,000 - root - INFO - Processing completion 1 of 4
2024-12-10 10:49:37,453 - root - INFO - Processing completion 2 of 4
2024-12-10 10:49:47,043 - root - INFO - Processing completion 3 of 4
2024-12-10 10:49:56,369 - root - INFO - Processing completion 4 of 4
2024-12-10 10:50:05,863 - root - INFO - Processing completion 1 of 4
2024-12-10 10:50:12,915 - root - INFO - Processing completion 2 of 4
2024-12-10 10:50:22,217 - root - INFO - Processing completion 3 of 4
2024-12-10 10:50:31,673 - root - INFO - Processing completion 4 of 4
2024-12-10 11:14:48,968 - root - INFO - Generating DPO dataset from preferences: /mnt/bn/merlin-datavolume-tsy/leon/datasets/self-rewarding//6_0_preferences.json
Generating train split: 0 examples [00:00, ? examples/s]Generating train split: 100 examples [00:00, 17531.78 examples/s]
Map:   0%|          | 0/100 [00:00<?, ? examples/s]Map: 100%|██████████| 100/100 [00:00<00:00, 7257.33 examples/s]
is bf16: 1
is fp16: 0
Extracting prompt from train dataset:   0%|          | 0/100 [00:00<?, ? examples/s]Extracting prompt from train dataset: 100%|██████████| 100/100 [00:00<00:00, 9962.24 examples/s]
Applying chat template to train dataset:   0%|          | 0/100 [00:00<?, ? examples/s]Applying chat template to train dataset: 100%|██████████| 100/100 [00:00<00:00, 11093.69 examples/s]
Tokenizing train dataset:   0%|          | 0/100 [00:00<?, ? examples/s]Tokenizing train dataset: 100%|██████████| 100/100 [00:00<00:00, 970.52 examples/s]Tokenizing train dataset: 100%|██████████| 100/100 [00:00<00:00, 952.65 examples/s]
  0%|          | 0/3 [00:00<?, ?it/s] 33%|███▎      | 1/3 [00:09<00:18,  9.40s/it] 67%|██████▋   | 2/3 [00:16<00:07,  7.80s/it]100%|██████████| 3/3 [00:23<00:00,  7.71s/it]                                             {'train_runtime': 25.7562, 'train_samples_per_second': 3.883, 'train_steps_per_second': 0.116, 'train_loss': 0.6580282847086588, 'epoch': 0.86}
100%|██████████| 3/3 [00:25<00:00,  7.71s/it]100%|██████████| 3/3 [00:25<00:00,  8.58s/it]
2024-12-10 11:16:25,667 - root - INFO - Generating 4 responses per prompt
2024-12-10 11:16:25,668 - root - INFO - Processing completion 1 of 4
2024-12-10 11:16:30,003 - root - INFO - Processing completion 2 of 4
2024-12-10 11:16:39,237 - root - INFO - Processing completion 3 of 4
2024-12-10 11:16:48,155 - root - INFO - Processing completion 4 of 4
2024-12-10 11:16:56,992 - root - INFO - Processing completion 1 of 4
2024-12-10 11:17:06,003 - root - INFO - Processing completion 2 of 4
2024-12-10 11:17:14,968 - root - INFO - Processing completion 3 of 4
2024-12-10 11:17:23,949 - root - INFO - Processing completion 4 of 4
2024-12-10 11:17:32,914 - root - INFO - Processing completion 1 of 4
2024-12-10 11:17:42,318 - root - INFO - Processing completion 2 of 4
2024-12-10 11:17:50,303 - root - INFO - Processing completion 3 of 4
2024-12-10 11:17:54,827 - root - INFO - Processing completion 4 of 4
2024-12-10 11:18:03,854 - root - INFO - Processing completion 1 of 4
2024-12-10 11:18:12,691 - root - INFO - Processing completion 2 of 4
2024-12-10 11:18:21,556 - root - INFO - Processing completion 3 of 4
2024-12-10 11:18:30,841 - root - INFO - Processing completion 4 of 4
2024-12-10 11:18:40,175 - root - INFO - Processing completion 1 of 4
2024-12-10 11:18:49,582 - root - INFO - Processing completion 2 of 4
2024-12-10 11:18:58,474 - root - INFO - Processing completion 3 of 4
2024-12-10 11:19:07,347 - root - INFO - Processing completion 4 of 4
2024-12-10 11:19:16,091 - root - INFO - Processing completion 1 of 4
2024-12-10 11:19:24,980 - root - INFO - Processing completion 2 of 4
2024-12-10 11:19:30,592 - root - INFO - Processing completion 3 of 4
2024-12-10 11:19:39,536 - root - INFO - Processing completion 4 of 4
2024-12-10 11:19:44,389 - root - INFO - Processing completion 1 of 4
2024-12-10 11:19:53,291 - root - INFO - Processing completion 2 of 4
2024-12-10 11:19:57,768 - root - INFO - Processing completion 3 of 4
2024-12-10 11:20:01,042 - root - INFO - Processing completion 4 of 4
2024-12-10 11:20:09,907 - root - INFO - Processing completion 1 of 4
2024-12-10 11:20:18,687 - root - INFO - Processing completion 2 of 4
2024-12-10 11:20:27,443 - root - INFO - Processing completion 3 of 4
2024-12-10 11:20:36,375 - root - INFO - Processing completion 4 of 4
2024-12-10 11:20:45,392 - root - INFO - Processing completion 1 of 4
2024-12-10 11:20:51,129 - root - INFO - Processing completion 2 of 4
2024-12-10 11:20:53,842 - root - INFO - Processing completion 3 of 4
2024-12-10 11:20:55,913 - root - INFO - Processing completion 4 of 4
2024-12-10 11:20:58,302 - root - INFO - Processing completion 1 of 4
2024-12-10 11:21:07,581 - root - INFO - Processing completion 2 of 4
2024-12-10 11:21:14,546 - root - INFO - Processing completion 3 of 4
2024-12-10 11:21:23,375 - root - INFO - Processing completion 4 of 4
2024-12-10 11:21:27,968 - root - INFO - Processing completion 1 of 4
2024-12-10 11:21:33,614 - root - INFO - Processing completion 2 of 4
2024-12-10 11:21:37,942 - root - INFO - Processing completion 3 of 4
2024-12-10 11:21:44,705 - root - INFO - Processing completion 4 of 4
2024-12-10 11:21:50,385 - root - INFO - Processing completion 1 of 4
2024-12-10 11:22:00,300 - root - INFO - Processing completion 2 of 4
2024-12-10 11:22:10,185 - root - INFO - Processing completion 3 of 4
2024-12-10 11:22:20,524 - root - INFO - Processing completion 4 of 4
2024-12-10 11:22:26,959 - root - INFO - Processing completion 1 of 4
2024-12-10 11:22:37,452 - root - INFO - Processing completion 2 of 4
2024-12-10 11:22:46,939 - root - INFO - Processing completion 3 of 4
2024-12-10 11:22:56,514 - root - INFO - Processing completion 4 of 4
2024-12-10 11:23:06,090 - root - INFO - Processing completion 1 of 4
2024-12-10 11:23:15,670 - root - INFO - Processing completion 2 of 4
2024-12-10 11:23:19,801 - root - INFO - Processing completion 3 of 4
2024-12-10 11:23:24,564 - root - INFO - Processing completion 4 of 4
2024-12-10 11:23:27,793 - root - INFO - Processing completion 1 of 4
2024-12-10 11:23:37,878 - root - INFO - Processing completion 2 of 4
2024-12-10 11:23:47,675 - root - INFO - Processing completion 3 of 4
2024-12-10 11:23:57,324 - root - INFO - Processing completion 4 of 4
2024-12-10 11:24:06,948 - root - INFO - Processing completion 1 of 4
2024-12-10 11:24:07,535 - root - INFO - Processing completion 2 of 4
2024-12-10 11:24:08,144 - root - INFO - Processing completion 3 of 4
2024-12-10 11:24:08,800 - root - INFO - Processing completion 4 of 4
2024-12-10 11:24:10,042 - root - INFO - Processing completion 1 of 4
2024-12-10 11:24:13,620 - root - INFO - Processing completion 2 of 4
2024-12-10 11:24:24,279 - root - INFO - Processing completion 3 of 4
2024-12-10 11:24:34,481 - root - INFO - Processing completion 4 of 4
2024-12-10 11:24:44,937 - root - INFO - Processing completion 1 of 4
2024-12-10 11:24:52,240 - root - INFO - Processing completion 2 of 4
2024-12-10 11:25:02,467 - root - INFO - Processing completion 3 of 4
2024-12-10 11:25:12,733 - root - INFO - Processing completion 4 of 4
2024-12-10 11:25:22,918 - root - INFO - Processing completion 1 of 4
2024-12-10 11:25:32,268 - root - INFO - Processing completion 2 of 4
2024-12-10 11:25:36,548 - root - INFO - Processing completion 3 of 4
2024-12-10 11:25:40,462 - root - INFO - Processing completion 4 of 4
2024-12-10 11:25:44,235 - root - INFO - Processing completion 1 of 4
2024-12-10 11:25:44,552 - root - INFO - Processing completion 2 of 4
2024-12-10 11:25:44,820 - root - INFO - Processing completion 3 of 4
2024-12-10 11:25:45,118 - root - INFO - Processing completion 4 of 4
2024-12-10 11:25:45,308 - root - INFO - Processing completion 1 of 4
2024-12-10 11:25:54,776 - root - INFO - Processing completion 2 of 4
2024-12-10 11:26:04,343 - root - INFO - Processing completion 3 of 4
2024-12-10 11:26:13,845 - root - INFO - Processing completion 4 of 4
2024-12-10 11:26:23,721 - root - INFO - Processing completion 1 of 4
2024-12-10 11:26:30,201 - root - INFO - Processing completion 2 of 4
2024-12-10 11:26:36,666 - root - INFO - Processing completion 3 of 4
2024-12-10 11:26:44,820 - root - INFO - Processing completion 4 of 4
2024-12-10 11:26:50,668 - root - INFO - Processing completion 1 of 4
2024-12-10 11:27:00,308 - root - INFO - Processing completion 2 of 4
2024-12-10 11:27:10,041 - root - INFO - Processing completion 3 of 4
2024-12-10 11:27:19,647 - root - INFO - Processing completion 4 of 4
2024-12-10 11:27:28,849 - root - INFO - Processing completion 1 of 4
2024-12-10 11:27:38,391 - root - INFO - Processing completion 2 of 4
2024-12-10 11:27:47,695 - root - INFO - Processing completion 3 of 4
2024-12-10 11:27:56,902 - root - INFO - Processing completion 4 of 4
2024-12-10 11:28:01,853 - root - INFO - Processing completion 1 of 4
2024-12-10 11:28:10,362 - root - INFO - Processing completion 2 of 4
2024-12-10 11:28:19,683 - root - INFO - Processing completion 3 of 4
2024-12-10 11:28:28,777 - root - INFO - Processing completion 4 of 4
2024-12-10 11:28:38,001 - root - INFO - Processing completion 1 of 4
2024-12-10 11:28:44,093 - root - INFO - Processing completion 2 of 4
2024-12-10 11:28:51,360 - root - INFO - Processing completion 3 of 4
2024-12-10 11:29:00,527 - root - INFO - Processing completion 4 of 4
2024-12-10 11:29:07,134 - root - INFO - Processing completion 1 of 4
2024-12-10 11:29:16,121 - root - INFO - Processing completion 2 of 4
2024-12-10 11:29:24,905 - root - INFO - Processing completion 3 of 4
2024-12-10 11:29:33,695 - root - INFO - Processing completion 4 of 4
2024-12-10 11:29:39,380 - root - INFO - Processing completion 1 of 4
2024-12-10 11:29:46,761 - root - INFO - Processing completion 2 of 4
2024-12-10 11:29:55,546 - root - INFO - Processing completion 3 of 4
2024-12-10 11:30:02,797 - root - INFO - Processing completion 4 of 4
2024-12-10 11:30:11,626 - root - INFO - Processing completion 1 of 4
2024-12-10 11:30:20,519 - root - INFO - Processing completion 2 of 4
2024-12-10 11:30:29,261 - root - INFO - Processing completion 3 of 4
2024-12-10 11:30:38,104 - root - INFO - Processing completion 4 of 4
2024-12-10 11:30:46,936 - root - INFO - Processing completion 1 of 4
2024-12-10 11:30:55,487 - root - INFO - Processing completion 2 of 4
2024-12-10 11:31:04,268 - root - INFO - Processing completion 3 of 4
2024-12-10 11:31:13,095 - root - INFO - Processing completion 4 of 4
2024-12-10 11:31:21,888 - root - INFO - Processing completion 1 of 4
2024-12-10 11:31:30,784 - root - INFO - Processing completion 2 of 4
2024-12-10 11:31:39,361 - root - INFO - Processing completion 3 of 4
2024-12-10 11:31:47,095 - root - INFO - Processing completion 4 of 4
2024-12-10 11:31:52,882 - root - INFO - Processing completion 1 of 4
2024-12-10 11:32:01,859 - root - INFO - Processing completion 2 of 4
2024-12-10 11:32:10,662 - root - INFO - Processing completion 3 of 4
2024-12-10 11:32:19,419 - root - INFO - Processing completion 4 of 4
2024-12-10 11:32:28,515 - root - INFO - Processing completion 1 of 4
2024-12-10 11:32:37,720 - root - INFO - Processing completion 2 of 4
2024-12-10 11:32:46,745 - root - INFO - Processing completion 3 of 4
2024-12-10 11:32:53,821 - root - INFO - Processing completion 4 of 4
2024-12-10 11:33:02,709 - root - INFO - Processing completion 1 of 4
2024-12-10 11:33:04,032 - root - INFO - Processing completion 2 of 4
2024-12-10 11:33:04,874 - root - INFO - Processing completion 3 of 4
2024-12-10 11:33:05,831 - root - INFO - Processing completion 4 of 4
2024-12-10 11:33:06,738 - root - INFO - Processing completion 1 of 4
2024-12-10 11:33:15,780 - root - INFO - Processing completion 2 of 4
2024-12-10 11:33:24,663 - root - INFO - Processing completion 3 of 4
2024-12-10 11:33:33,549 - root - INFO - Processing completion 4 of 4
2024-12-10 11:33:42,574 - root - INFO - Processing completion 1 of 4
2024-12-10 11:33:51,574 - root - INFO - Processing completion 2 of 4
2024-12-10 11:34:00,451 - root - INFO - Processing completion 3 of 4
2024-12-10 11:34:09,335 - root - INFO - Processing completion 4 of 4
2024-12-10 11:34:18,292 - root - INFO - Processing completion 1 of 4
2024-12-10 11:34:24,421 - root - INFO - Processing completion 2 of 4
2024-12-10 11:34:33,543 - root - INFO - Processing completion 3 of 4
2024-12-10 11:34:42,518 - root - INFO - Processing completion 4 of 4
2024-12-10 11:34:51,332 - root - INFO - Processing completion 1 of 4
2024-12-10 11:35:00,283 - root - INFO - Processing completion 2 of 4
2024-12-10 11:35:09,470 - root - INFO - Processing completion 3 of 4
2024-12-10 11:35:18,427 - root - INFO - Processing completion 4 of 4
2024-12-10 11:35:22,196 - root - INFO - Processing completion 1 of 4
2024-12-10 11:35:31,554 - root - INFO - Processing completion 2 of 4
2024-12-10 11:35:40,609 - root - INFO - Processing completion 3 of 4
2024-12-10 11:35:49,374 - root - INFO - Processing completion 4 of 4
2024-12-10 11:35:58,175 - root - INFO - Processing completion 1 of 4
2024-12-10 11:36:05,472 - root - INFO - Processing completion 2 of 4
2024-12-10 11:36:08,796 - root - INFO - Processing completion 3 of 4
2024-12-10 11:36:17,576 - root - INFO - Processing completion 4 of 4
2024-12-10 11:36:26,326 - root - INFO - Processing completion 1 of 4
2024-12-10 11:36:35,277 - root - INFO - Processing completion 2 of 4
2024-12-10 11:36:44,223 - root - INFO - Processing completion 3 of 4
2024-12-10 11:36:53,119 - root - INFO - Processing completion 4 of 4
2024-12-10 11:37:01,064 - root - INFO - Processing completion 1 of 4
2024-12-10 11:37:03,486 - root - INFO - Processing completion 2 of 4
2024-12-10 11:37:08,560 - root - INFO - Processing completion 3 of 4
2024-12-10 11:37:09,813 - root - INFO - Processing completion 4 of 4
2024-12-10 11:37:11,431 - root - INFO - Processing completion 1 of 4
2024-12-10 11:37:17,822 - root - INFO - Processing completion 2 of 4
2024-12-10 11:37:26,703 - root - INFO - Processing completion 3 of 4
2024-12-10 11:37:35,547 - root - INFO - Processing completion 4 of 4
2024-12-10 11:37:44,825 - root - INFO - Processing completion 1 of 4
2024-12-10 11:37:54,177 - root - INFO - Processing completion 2 of 4
2024-12-10 11:38:03,158 - root - INFO - Processing completion 3 of 4
2024-12-10 11:38:12,218 - root - INFO - Processing completion 4 of 4
2024-12-10 11:38:19,286 - root - INFO - Processing completion 1 of 4
2024-12-10 11:38:24,435 - root - INFO - Processing completion 2 of 4
2024-12-10 11:38:33,359 - root - INFO - Processing completion 3 of 4
2024-12-10 11:38:42,354 - root - INFO - Processing completion 4 of 4
2024-12-10 11:38:51,474 - root - INFO - Processing completion 1 of 4
2024-12-10 11:39:00,702 - root - INFO - Processing completion 2 of 4
2024-12-10 11:39:08,346 - root - INFO - Processing completion 3 of 4
2024-12-10 11:39:17,470 - root - INFO - Processing completion 4 of 4
2024-12-10 11:39:26,458 - root - INFO - Processing completion 1 of 4
2024-12-10 11:39:35,462 - root - INFO - Processing completion 2 of 4
2024-12-10 11:39:44,119 - root - INFO - Processing completion 3 of 4
2024-12-10 11:39:52,974 - root - INFO - Processing completion 4 of 4
2024-12-10 11:40:01,891 - root - INFO - Processing completion 1 of 4
2024-12-10 11:40:07,536 - root - INFO - Processing completion 2 of 4
2024-12-10 11:40:12,478 - root - INFO - Processing completion 3 of 4
2024-12-10 11:40:17,253 - root - INFO - Processing completion 4 of 4
2024-12-10 11:40:26,223 - root - INFO - Processing completion 1 of 4
2024-12-10 11:40:35,247 - root - INFO - Processing completion 2 of 4
2024-12-10 11:40:44,170 - root - INFO - Processing completion 3 of 4
2024-12-10 11:40:53,174 - root - INFO - Processing completion 4 of 4
2024-12-10 11:41:02,065 - root - INFO - Processing completion 1 of 4
2024-12-10 11:41:10,957 - root - INFO - Processing completion 2 of 4
2024-12-10 11:41:17,850 - root - INFO - Processing completion 3 of 4
2024-12-10 11:41:26,723 - root - INFO - Processing completion 4 of 4
2024-12-10 11:41:35,573 - root - INFO - Processing completion 1 of 4
2024-12-10 11:41:40,055 - root - INFO - Processing completion 2 of 4
2024-12-10 11:41:43,808 - root - INFO - Processing completion 3 of 4
2024-12-10 11:41:52,679 - root - INFO - Processing completion 4 of 4
2024-12-10 11:41:54,913 - root - INFO - Processing completion 1 of 4
2024-12-10 11:42:01,773 - root - INFO - Processing completion 2 of 4
2024-12-10 11:42:05,118 - root - INFO - Processing completion 3 of 4
2024-12-10 11:42:12,512 - root - INFO - Processing completion 4 of 4
2024-12-10 11:42:20,413 - root - INFO - Processing completion 1 of 4
2024-12-10 11:42:29,387 - root - INFO - Processing completion 2 of 4
2024-12-10 11:42:35,724 - root - INFO - Processing completion 3 of 4
2024-12-10 11:42:42,770 - root - INFO - Processing completion 4 of 4
2024-12-10 11:42:51,647 - root - INFO - Processing completion 1 of 4
2024-12-10 11:43:00,564 - root - INFO - Processing completion 2 of 4
2024-12-10 11:43:09,564 - root - INFO - Processing completion 3 of 4
2024-12-10 11:43:18,441 - root - INFO - Processing completion 4 of 4
2024-12-10 11:43:27,603 - root - INFO - Processing completion 1 of 4
2024-12-10 11:43:36,722 - root - INFO - Processing completion 2 of 4
2024-12-10 11:43:45,622 - root - INFO - Processing completion 3 of 4
2024-12-10 11:43:54,442 - root - INFO - Processing completion 4 of 4
2024-12-10 11:43:58,888 - root - INFO - Processing completion 1 of 4
2024-12-10 11:44:03,015 - root - INFO - Processing completion 2 of 4
2024-12-10 11:44:07,129 - root - INFO - Processing completion 3 of 4
2024-12-10 11:44:11,078 - root - INFO - Processing completion 4 of 4
2024-12-10 11:44:15,209 - root - INFO - Processing completion 1 of 4
2024-12-10 11:44:24,071 - root - INFO - Processing completion 2 of 4
2024-12-10 11:44:32,941 - root - INFO - Processing completion 3 of 4
2024-12-10 11:44:41,828 - root - INFO - Processing completion 4 of 4
2024-12-10 11:44:50,663 - root - INFO - Processing completion 1 of 4
2024-12-10 11:44:55,004 - root - INFO - Processing completion 2 of 4
2024-12-10 11:45:02,605 - root - INFO - Processing completion 3 of 4
2024-12-10 11:45:07,935 - root - INFO - Processing completion 4 of 4
2024-12-10 11:45:10,960 - root - INFO - Processing completion 1 of 4
2024-12-10 11:45:17,046 - root - INFO - Processing completion 2 of 4
2024-12-10 11:45:24,426 - root - INFO - Processing completion 3 of 4
2024-12-10 11:45:33,289 - root - INFO - Processing completion 4 of 4
2024-12-10 11:45:41,241 - root - INFO - Processing completion 1 of 4
2024-12-10 11:45:48,127 - root - INFO - Processing completion 2 of 4
2024-12-10 11:45:57,010 - root - INFO - Processing completion 3 of 4
2024-12-10 11:46:05,867 - root - INFO - Processing completion 4 of 4
2024-12-10 11:46:14,758 - root - INFO - Processing completion 1 of 4
2024-12-10 11:46:20,518 - root - INFO - Processing completion 2 of 4
2024-12-10 11:46:28,681 - root - INFO - Processing completion 3 of 4
2024-12-10 11:46:37,158 - root - INFO - Processing completion 4 of 4
2024-12-10 11:46:46,032 - root - INFO - Processing completion 1 of 4
2024-12-10 11:46:54,627 - root - INFO - Processing completion 2 of 4
2024-12-10 11:47:03,250 - root - INFO - Processing completion 3 of 4
2024-12-10 11:47:11,510 - root - INFO - Processing completion 4 of 4
2024-12-10 11:47:20,336 - root - INFO - Processing completion 1 of 4
2024-12-10 11:47:29,100 - root - INFO - Processing completion 2 of 4
2024-12-10 11:47:38,118 - root - INFO - Processing completion 3 of 4
2024-12-10 11:47:41,129 - root - INFO - Processing completion 4 of 4
2024-12-10 11:47:47,700 - root - INFO - Processing completion 1 of 4
2024-12-10 11:47:56,867 - root - INFO - Processing completion 2 of 4
2024-12-10 11:48:06,160 - root - INFO - Processing completion 3 of 4
2024-12-10 11:48:14,356 - root - INFO - Processing completion 4 of 4
2024-12-10 11:48:19,513 - root - INFO - Processing completion 1 of 4
2024-12-10 11:48:28,751 - root - INFO - Processing completion 2 of 4
2024-12-10 11:48:38,435 - root - INFO - Processing completion 3 of 4
2024-12-10 11:48:47,924 - root - INFO - Processing completion 4 of 4
2024-12-10 11:48:57,886 - root - INFO - Processing completion 1 of 4
2024-12-10 11:49:04,012 - root - INFO - Processing completion 2 of 4
2024-12-10 11:49:09,075 - root - INFO - Processing completion 3 of 4
2024-12-10 11:49:15,491 - root - INFO - Processing completion 4 of 4
2024-12-10 11:49:18,346 - root - INFO - Processing completion 1 of 4
2024-12-10 11:49:23,771 - root - INFO - Processing completion 2 of 4
2024-12-10 11:49:28,979 - root - INFO - Processing completion 3 of 4
2024-12-10 11:49:36,830 - root - INFO - Processing completion 4 of 4
2024-12-10 11:49:43,543 - root - INFO - Processing completion 1 of 4
2024-12-10 11:49:53,294 - root - INFO - Processing completion 2 of 4
2024-12-10 11:49:58,758 - root - INFO - Processing completion 3 of 4
2024-12-10 11:50:08,092 - root - INFO - Processing completion 4 of 4
2024-12-10 11:50:10,004 - root - INFO - Processing completion 1 of 4
2024-12-10 11:50:18,001 - root - INFO - Processing completion 2 of 4
2024-12-10 11:50:26,406 - root - INFO - Processing completion 3 of 4
2024-12-10 11:50:34,505 - root - INFO - Processing completion 4 of 4
2024-12-10 11:50:43,719 - root - INFO - Processing completion 1 of 4
2024-12-10 11:50:52,956 - root - INFO - Processing completion 2 of 4
2024-12-10 11:51:02,023 - root - INFO - Processing completion 3 of 4
2024-12-10 11:51:11,343 - root - INFO - Processing completion 4 of 4
2024-12-10 11:51:20,514 - root - INFO - Processing completion 1 of 4
2024-12-10 11:51:27,207 - root - INFO - Processing completion 2 of 4
2024-12-10 11:51:36,453 - root - INFO - Processing completion 3 of 4
2024-12-10 11:51:39,759 - root - INFO - Processing completion 4 of 4
2024-12-10 11:51:48,149 - root - INFO - Processing completion 1 of 4
2024-12-10 11:51:48,355 - root - INFO - Processing completion 2 of 4
2024-12-10 11:51:53,031 - root - INFO - Processing completion 3 of 4
2024-12-10 11:51:53,655 - root - INFO - Processing completion 4 of 4
2024-12-10 11:52:02,997 - root - INFO - Processing completion 1 of 4
2024-12-10 11:52:12,269 - root - INFO - Processing completion 2 of 4
2024-12-10 11:52:14,570 - root - INFO - Processing completion 3 of 4
2024-12-10 11:52:23,961 - root - INFO - Processing completion 4 of 4
2024-12-10 11:52:33,361 - root - INFO - Processing completion 1 of 4
2024-12-10 11:52:39,114 - root - INFO - Processing completion 2 of 4
2024-12-10 11:52:47,917 - root - INFO - Processing completion 3 of 4
2024-12-10 11:52:54,158 - root - INFO - Processing completion 4 of 4
2024-12-10 11:52:58,259 - root - INFO - Processing completion 1 of 4
2024-12-10 11:53:06,119 - root - INFO - Processing completion 2 of 4
2024-12-10 11:53:15,026 - root - INFO - Processing completion 3 of 4
2024-12-10 11:53:20,380 - root - INFO - Processing completion 4 of 4
2024-12-10 11:53:29,006 - root - INFO - Processing completion 1 of 4
2024-12-10 11:53:36,193 - root - INFO - Processing completion 2 of 4
2024-12-10 11:53:45,225 - root - INFO - Processing completion 3 of 4
2024-12-10 11:53:52,174 - root - INFO - Processing completion 4 of 4
2024-12-10 11:54:00,225 - root - INFO - Processing completion 1 of 4
2024-12-10 11:54:05,477 - root - INFO - Processing completion 2 of 4
2024-12-10 11:54:14,342 - root - INFO - Processing completion 3 of 4
2024-12-10 11:54:23,097 - root - INFO - Processing completion 4 of 4
2024-12-10 11:54:31,885 - root - INFO - Processing completion 1 of 4
2024-12-10 11:54:40,635 - root - INFO - Processing completion 2 of 4
2024-12-10 11:54:49,389 - root - INFO - Processing completion 3 of 4
2024-12-10 11:54:58,144 - root - INFO - Processing completion 4 of 4
2024-12-10 11:55:07,052 - root - INFO - Processing completion 1 of 4
2024-12-10 11:55:09,674 - root - INFO - Processing completion 2 of 4
2024-12-10 11:55:18,652 - root - INFO - Processing completion 3 of 4
2024-12-10 11:55:22,972 - root - INFO - Processing completion 4 of 4
2024-12-10 11:55:27,826 - root - INFO - Processing completion 1 of 4
2024-12-10 11:55:36,679 - root - INFO - Processing completion 2 of 4
2024-12-10 11:55:40,191 - root - INFO - Processing completion 3 of 4
2024-12-10 11:55:44,302 - root - INFO - Processing completion 4 of 4
2024-12-10 11:55:46,011 - root - INFO - Processing completion 1 of 4
2024-12-10 11:55:53,165 - root - INFO - Processing completion 2 of 4
2024-12-10 11:55:55,141 - root - INFO - Processing completion 3 of 4
2024-12-10 11:55:59,727 - root - INFO - Processing completion 4 of 4
2024-12-10 11:56:01,590 - root - INFO - Processing completion 1 of 4
2024-12-10 11:56:05,754 - root - INFO - Processing completion 2 of 4
2024-12-10 11:56:11,220 - root - INFO - Processing completion 3 of 4
2024-12-10 11:56:20,083 - root - INFO - Processing completion 4 of 4
2024-12-10 11:56:29,367 - root - INFO - Processing completion 1 of 4
2024-12-10 11:56:32,852 - root - INFO - Processing completion 2 of 4
2024-12-10 11:56:35,134 - root - INFO - Processing completion 3 of 4
2024-12-10 11:56:37,149 - root - INFO - Processing completion 4 of 4
2024-12-10 11:56:38,041 - root - INFO - Processing completion 1 of 4
2024-12-10 11:56:40,410 - root - INFO - Processing completion 2 of 4
2024-12-10 11:56:46,854 - root - INFO - Processing completion 3 of 4
2024-12-10 11:56:48,529 - root - INFO - Processing completion 4 of 4
2024-12-10 11:56:57,760 - root - INFO - Processing completion 1 of 4
2024-12-10 11:57:02,587 - root - INFO - Processing completion 2 of 4
2024-12-10 11:57:09,528 - root - INFO - Processing completion 3 of 4
2024-12-10 11:57:17,573 - root - INFO - Processing completion 4 of 4
2024-12-10 11:57:24,289 - root - INFO - Processing completion 1 of 4
2024-12-10 11:57:30,431 - root - INFO - Processing completion 2 of 4
2024-12-10 11:57:39,653 - root - INFO - Processing completion 3 of 4
2024-12-10 11:57:47,339 - root - INFO - Processing completion 4 of 4
2024-12-10 11:57:54,427 - root - INFO - Processing completion 1 of 4
2024-12-10 11:57:54,964 - root - INFO - Processing completion 2 of 4
2024-12-10 11:57:56,472 - root - INFO - Processing completion 3 of 4
2024-12-10 11:57:57,806 - root - INFO - Processing completion 4 of 4
2024-12-10 11:57:58,308 - root - INFO - Processing completion 1 of 4
2024-12-10 11:58:07,939 - root - INFO - Processing completion 2 of 4
2024-12-10 11:58:13,503 - root - INFO - Processing completion 3 of 4
2024-12-10 11:58:19,377 - root - INFO - Processing completion 4 of 4
2024-12-10 11:58:28,521 - root - INFO - Processing completion 1 of 4
2024-12-10 11:58:34,075 - root - INFO - Processing completion 2 of 4
2024-12-10 11:58:42,698 - root - INFO - Processing completion 3 of 4
2024-12-10 11:58:51,986 - root - INFO - Processing completion 4 of 4
2024-12-10 11:58:57,916 - root - INFO - Processing completion 1 of 4
2024-12-10 11:59:07,297 - root - INFO - Processing completion 2 of 4
2024-12-10 11:59:13,070 - root - INFO - Processing completion 3 of 4
2024-12-10 11:59:19,787 - root - INFO - Processing completion 4 of 4
2024-12-10 11:59:20,962 - root - INFO - Processing completion 1 of 4
2024-12-10 11:59:30,434 - root - INFO - Processing completion 2 of 4
2024-12-10 11:59:35,387 - root - INFO - Processing completion 3 of 4
2024-12-10 11:59:38,121 - root - INFO - Processing completion 4 of 4
2024-12-10 11:59:41,085 - root - INFO - Processing completion 1 of 4
2024-12-10 11:59:51,317 - root - INFO - Processing completion 2 of 4
2024-12-10 11:59:57,358 - root - INFO - Processing completion 3 of 4
2024-12-10 12:00:07,542 - root - INFO - Processing completion 4 of 4
2024-12-10 12:00:17,580 - root - INFO - Processing completion 1 of 4
2024-12-10 12:00:27,704 - root - INFO - Processing completion 2 of 4
2024-12-10 12:00:37,837 - root - INFO - Processing completion 3 of 4
2024-12-10 12:00:45,413 - root - INFO - Processing completion 4 of 4
2024-12-10 12:00:55,510 - root - INFO - Processing completion 1 of 4
2024-12-10 12:01:00,953 - root - INFO - Processing completion 2 of 4
2024-12-10 12:01:03,311 - root - INFO - Processing completion 3 of 4
2024-12-10 12:01:06,824 - root - INFO - Processing completion 4 of 4
2024-12-10 12:01:09,913 - root - INFO - Processing completion 1 of 4
2024-12-10 12:01:19,294 - root - INFO - Processing completion 2 of 4
2024-12-10 12:01:22,166 - root - INFO - Processing completion 3 of 4
2024-12-10 12:01:30,475 - root - INFO - Processing completion 4 of 4
2024-12-10 12:01:38,841 - root - INFO - Processing completion 1 of 4
2024-12-10 12:01:46,579 - root - INFO - Processing completion 2 of 4
2024-12-10 12:01:53,173 - root - INFO - Processing completion 3 of 4
2024-12-10 12:02:02,372 - root - INFO - Processing completion 4 of 4
2024-12-10 12:02:10,206 - root - INFO - Processing completion 1 of 4
2024-12-10 12:02:19,494 - root - INFO - Processing completion 2 of 4
2024-12-10 12:02:28,674 - root - INFO - Processing completion 3 of 4
2024-12-10 12:02:38,011 - root - INFO - Processing completion 4 of 4
2024-12-10 12:02:47,216 - root - INFO - Processing completion 1 of 4
2024-12-10 12:02:52,900 - root - INFO - Processing completion 2 of 4
2024-12-10 12:02:57,317 - root - INFO - Processing completion 3 of 4
2024-12-10 12:03:05,277 - root - INFO - Processing completion 4 of 4
2024-12-10 12:03:14,184 - root - INFO - Processing completion 1 of 4
2024-12-10 12:03:18,267 - root - INFO - Processing completion 2 of 4
2024-12-10 12:03:21,675 - root - INFO - Processing completion 3 of 4
2024-12-10 12:03:26,079 - root - INFO - Processing completion 4 of 4
2024-12-10 12:03:29,288 - root - INFO - Processing completion 1 of 4
2024-12-10 12:03:38,919 - root - INFO - Processing completion 2 of 4
2024-12-10 12:03:49,187 - root - INFO - Processing completion 3 of 4
2024-12-10 12:03:59,182 - root - INFO - Processing completion 4 of 4
2024-12-10 12:29:08,359 - root - INFO - Generating DPO dataset from preferences: /mnt/bn/merlin-datavolume-tsy/leon/datasets/self-rewarding//9_0_preferences.json
Generating train split: 0 examples [00:00, ? examples/s]Generating train split: 100 examples [00:00, 19977.63 examples/s]
Map:   0%|          | 0/100 [00:00<?, ? examples/s]Map: 100%|██████████| 100/100 [00:00<00:00, 7326.81 examples/s]
is bf16: 1
is fp16: 0
Extracting prompt from train dataset:   0%|          | 0/100 [00:00<?, ? examples/s]Extracting prompt from train dataset: 100%|██████████| 100/100 [00:00<00:00, 9904.61 examples/s]
Applying chat template to train dataset:   0%|          | 0/100 [00:00<?, ? examples/s]Applying chat template to train dataset: 100%|██████████| 100/100 [00:00<00:00, 10870.58 examples/s]
Tokenizing train dataset:   0%|          | 0/100 [00:00<?, ? examples/s]Tokenizing train dataset:  91%|█████████ | 91/100 [00:00<00:00, 895.63 examples/s]Tokenizing train dataset: 100%|██████████| 100/100 [00:00<00:00, 884.26 examples/s]
  0%|          | 0/3 [00:00<?, ?it/s] 33%|███▎      | 1/3 [00:07<00:14,  7.27s/it] 67%|██████▋   | 2/3 [00:13<00:06,  6.83s/it]100%|██████████| 3/3 [00:20<00:00,  6.67s/it]                                             {'train_runtime': 22.6879, 'train_samples_per_second': 4.408, 'train_steps_per_second': 0.132, 'train_loss': 0.6584579149881998, 'epoch': 0.86}
100%|██████████| 3/3 [00:22<00:00,  6.67s/it]100%|██████████| 3/3 [00:22<00:00,  7.56s/it]
>> ==================== Round 2 : [1, 2] ====================
2024-12-10 12:30:57,862 - root - INFO - Generating 4 responses per prompt
2024-12-10 12:30:57,862 - root - INFO - Processing completion 1 of 4
2024-12-10 12:31:07,274 - root - INFO - Processing completion 2 of 4
2024-12-10 12:31:11,358 - root - INFO - Processing completion 3 of 4
2024-12-10 12:31:16,413 - root - INFO - Processing completion 4 of 4
2024-12-10 12:31:19,642 - root - INFO - Processing completion 1 of 4
2024-12-10 12:31:28,885 - root - INFO - Processing completion 2 of 4
2024-12-10 12:31:38,017 - root - INFO - Processing completion 3 of 4
2024-12-10 12:31:47,377 - root - INFO - Processing completion 4 of 4
2024-12-10 12:31:56,817 - root - INFO - Processing completion 1 of 4
2024-12-10 12:32:00,801 - root - INFO - Processing completion 2 of 4
2024-12-10 12:32:05,242 - root - INFO - Processing completion 3 of 4
2024-12-10 12:32:09,521 - root - INFO - Processing completion 4 of 4
2024-12-10 12:32:13,039 - root - INFO - Processing completion 1 of 4
2024-12-10 12:32:20,082 - root - INFO - Processing completion 2 of 4
2024-12-10 12:32:27,047 - root - INFO - Processing completion 3 of 4
2024-12-10 12:32:36,758 - root - INFO - Processing completion 4 of 4
2024-12-10 12:32:46,745 - root - INFO - Processing completion 1 of 4
2024-12-10 12:32:56,645 - root - INFO - Processing completion 2 of 4
2024-12-10 12:33:06,362 - root - INFO - Processing completion 3 of 4
2024-12-10 12:33:16,066 - root - INFO - Processing completion 4 of 4
2024-12-10 12:33:25,723 - root - INFO - Processing completion 1 of 4
2024-12-10 12:33:31,077 - root - INFO - Processing completion 2 of 4
2024-12-10 12:33:37,475 - root - INFO - Processing completion 3 of 4
2024-12-10 12:33:45,013 - root - INFO - Processing completion 4 of 4
2024-12-10 12:33:54,844 - root - INFO - Processing completion 1 of 4
2024-12-10 12:33:57,738 - root - INFO - Processing completion 2 of 4
2024-12-10 12:34:00,279 - root - INFO - Processing completion 3 of 4
2024-12-10 12:34:04,564 - root - INFO - Processing completion 4 of 4
2024-12-10 12:34:09,103 - root - INFO - Processing completion 1 of 4
2024-12-10 12:34:18,284 - root - INFO - Processing completion 2 of 4
2024-12-10 12:34:27,667 - root - INFO - Processing completion 3 of 4
2024-12-10 12:34:36,323 - root - INFO - Processing completion 4 of 4
2024-12-10 12:34:46,423 - root - INFO - Processing completion 1 of 4
2024-12-10 12:34:51,754 - root - INFO - Processing completion 2 of 4
2024-12-10 12:34:55,536 - root - INFO - Processing completion 3 of 4
2024-12-10 12:35:03,230 - root - INFO - Processing completion 4 of 4
2024-12-10 12:35:05,839 - root - INFO - Processing completion 1 of 4
2024-12-10 12:35:10,786 - root - INFO - Processing completion 2 of 4
2024-12-10 12:35:16,863 - root - INFO - Processing completion 3 of 4
2024-12-10 12:35:20,139 - root - INFO - Processing completion 4 of 4
2024-12-10 12:35:23,847 - root - INFO - Processing completion 1 of 4
2024-12-10 12:35:27,332 - root - INFO - Processing completion 2 of 4
2024-12-10 12:35:32,459 - root - INFO - Processing completion 3 of 4
2024-12-10 12:35:37,635 - root - INFO - Processing completion 4 of 4
2024-12-10 12:35:40,247 - root - INFO - Processing completion 1 of 4
2024-12-10 12:35:48,387 - root - INFO - Processing completion 2 of 4
2024-12-10 12:35:57,900 - root - INFO - Processing completion 3 of 4
2024-12-10 12:36:02,293 - root - INFO - Processing completion 4 of 4
2024-12-10 12:36:06,522 - root - INFO - Processing completion 1 of 4
2024-12-10 12:36:16,514 - root - INFO - Processing completion 2 of 4
2024-12-10 12:36:26,053 - root - INFO - Processing completion 3 of 4
2024-12-10 12:36:35,552 - root - INFO - Processing completion 4 of 4
2024-12-10 12:36:45,343 - root - INFO - Processing completion 1 of 4
2024-12-10 12:36:50,701 - root - INFO - Processing completion 2 of 4
2024-12-10 12:36:57,746 - root - INFO - Processing completion 3 of 4
2024-12-10 12:37:02,103 - root - INFO - Processing completion 4 of 4
2024-12-10 12:37:06,394 - root - INFO - Processing completion 1 of 4
2024-12-10 12:37:12,246 - root - INFO - Processing completion 2 of 4
2024-12-10 12:37:18,922 - root - INFO - Processing completion 3 of 4
2024-12-10 12:37:27,971 - root - INFO - Processing completion 4 of 4
2024-12-10 12:37:36,159 - root - INFO - Processing completion 1 of 4
2024-12-10 12:37:37,097 - root - INFO - Processing completion 2 of 4
2024-12-10 12:37:38,123 - root - INFO - Processing completion 3 of 4
2024-12-10 12:37:39,077 - root - INFO - Processing completion 4 of 4
2024-12-10 12:37:39,617 - root - INFO - Processing completion 1 of 4
2024-12-10 12:37:47,117 - root - INFO - Processing completion 2 of 4
2024-12-10 12:37:56,367 - root - INFO - Processing completion 3 of 4
2024-12-10 12:38:05,036 - root - INFO - Processing completion 4 of 4
2024-12-10 12:38:10,174 - root - INFO - Processing completion 1 of 4
2024-12-10 12:38:19,218 - root - INFO - Processing completion 2 of 4
2024-12-10 12:38:28,268 - root - INFO - Processing completion 3 of 4
2024-12-10 12:38:37,290 - root - INFO - Processing completion 4 of 4
2024-12-10 12:38:46,172 - root - INFO - Processing completion 1 of 4
2024-12-10 12:38:55,467 - root - INFO - Processing completion 2 of 4
2024-12-10 12:39:01,744 - root - INFO - Processing completion 3 of 4
2024-12-10 12:39:06,712 - root - INFO - Processing completion 4 of 4
2024-12-10 12:39:15,717 - root - INFO - Processing completion 1 of 4
2024-12-10 12:39:15,985 - root - INFO - Processing completion 2 of 4
2024-12-10 12:39:16,360 - root - INFO - Processing completion 3 of 4
2024-12-10 12:39:16,632 - root - INFO - Processing completion 4 of 4
2024-12-10 12:39:16,893 - root - INFO - Processing completion 1 of 4
2024-12-10 12:39:25,985 - root - INFO - Processing completion 2 of 4
2024-12-10 12:39:35,072 - root - INFO - Processing completion 3 of 4
2024-12-10 12:39:43,974 - root - INFO - Processing completion 4 of 4
2024-12-10 12:39:51,797 - root - INFO - Processing completion 1 of 4
2024-12-10 12:39:55,767 - root - INFO - Processing completion 2 of 4
2024-12-10 12:40:00,607 - root - INFO - Processing completion 3 of 4
2024-12-10 12:40:05,260 - root - INFO - Processing completion 4 of 4
2024-12-10 12:40:10,230 - root - INFO - Processing completion 1 of 4
2024-12-10 12:40:19,359 - root - INFO - Processing completion 2 of 4
2024-12-10 12:40:28,486 - root - INFO - Processing completion 3 of 4
2024-12-10 12:40:37,552 - root - INFO - Processing completion 4 of 4
2024-12-10 12:40:46,864 - root - INFO - Processing completion 1 of 4
2024-12-10 12:40:56,656 - root - INFO - Processing completion 2 of 4
2024-12-10 12:41:06,236 - root - INFO - Processing completion 3 of 4
2024-12-10 12:41:15,845 - root - INFO - Processing completion 4 of 4
2024-12-10 12:41:25,342 - root - INFO - Processing completion 1 of 4
2024-12-10 12:41:29,988 - root - INFO - Processing completion 2 of 4
2024-12-10 12:41:38,836 - root - INFO - Processing completion 3 of 4
2024-12-10 12:41:43,383 - root - INFO - Processing completion 4 of 4
2024-12-10 12:41:52,771 - root - INFO - Processing completion 1 of 4
2024-12-10 12:42:01,373 - root - INFO - Processing completion 2 of 4
2024-12-10 12:42:07,301 - root - INFO - Processing completion 3 of 4
2024-12-10 12:42:11,881 - root - INFO - Processing completion 4 of 4
2024-12-10 12:42:21,252 - root - INFO - Processing completion 1 of 4
2024-12-10 12:42:24,602 - root - INFO - Processing completion 2 of 4
2024-12-10 12:42:29,082 - root - INFO - Processing completion 3 of 4
2024-12-10 12:42:38,621 - root - INFO - Processing completion 4 of 4
2024-12-10 12:42:41,617 - root - INFO - Processing completion 1 of 4
2024-12-10 12:42:46,933 - root - INFO - Processing completion 2 of 4
2024-12-10 12:42:54,805 - root - INFO - Processing completion 3 of 4
2024-12-10 12:43:03,994 - root - INFO - Processing completion 4 of 4
2024-12-10 12:43:11,096 - root - INFO - Processing completion 1 of 4
2024-12-10 12:43:20,479 - root - INFO - Processing completion 2 of 4
2024-12-10 12:43:29,524 - root - INFO - Processing completion 3 of 4
2024-12-10 12:43:38,592 - root - INFO - Processing completion 4 of 4
2024-12-10 12:43:47,658 - root - INFO - Processing completion 1 of 4
2024-12-10 12:43:56,882 - root - INFO - Processing completion 2 of 4
2024-12-10 12:44:03,609 - root - INFO - Processing completion 3 of 4
2024-12-10 12:44:10,256 - root - INFO - Processing completion 4 of 4
2024-12-10 12:44:19,993 - root - INFO - Processing completion 1 of 4
2024-12-10 12:44:28,289 - root - INFO - Processing completion 2 of 4
2024-12-10 12:44:31,247 - root - INFO - Processing completion 3 of 4
2024-12-10 12:44:40,928 - root - INFO - Processing completion 4 of 4
2024-12-10 12:44:50,205 - root - INFO - Processing completion 1 of 4
2024-12-10 12:44:59,836 - root - INFO - Processing completion 2 of 4
2024-12-10 12:45:09,434 - root - INFO - Processing completion 3 of 4
2024-12-10 12:45:18,839 - root - INFO - Processing completion 4 of 4
2024-12-10 12:45:28,203 - root - INFO - Processing completion 1 of 4
2024-12-10 12:45:37,438 - root - INFO - Processing completion 2 of 4
2024-12-10 12:45:42,716 - root - INFO - Processing completion 3 of 4
2024-12-10 12:45:51,826 - root - INFO - Processing completion 4 of 4
2024-12-10 12:46:00,923 - root - INFO - Processing completion 1 of 4
2024-12-10 12:46:02,099 - root - INFO - Processing completion 2 of 4
2024-12-10 12:46:03,793 - root - INFO - Processing completion 3 of 4
2024-12-10 12:46:06,260 - root - INFO - Processing completion 4 of 4
2024-12-10 12:46:07,458 - root - INFO - Processing completion 1 of 4
2024-12-10 12:46:16,657 - root - INFO - Processing completion 2 of 4
2024-12-10 12:46:25,576 - root - INFO - Processing completion 3 of 4
2024-12-10 12:46:34,490 - root - INFO - Processing completion 4 of 4
2024-12-10 12:46:41,932 - root - INFO - Processing completion 1 of 4
2024-12-10 12:46:51,076 - root - INFO - Processing completion 2 of 4
2024-12-10 12:47:00,053 - root - INFO - Processing completion 3 of 4
2024-12-10 12:47:09,032 - root - INFO - Processing completion 4 of 4
2024-12-10 12:47:18,011 - root - INFO - Processing completion 1 of 4
2024-12-10 12:47:27,189 - root - INFO - Processing completion 2 of 4
2024-12-10 12:47:27,992 - root - INFO - Processing completion 3 of 4
2024-12-10 12:47:37,023 - root - INFO - Processing completion 4 of 4
2024-12-10 12:47:39,366 - root - INFO - Processing completion 1 of 4
2024-12-10 12:47:48,351 - root - INFO - Processing completion 2 of 4
2024-12-10 12:47:56,258 - root - INFO - Processing completion 3 of 4
2024-12-10 12:48:03,150 - root - INFO - Processing completion 4 of 4
2024-12-10 12:48:11,974 - root - INFO - Processing completion 1 of 4
2024-12-10 12:48:20,987 - root - INFO - Processing completion 2 of 4
2024-12-10 12:48:29,945 - root - INFO - Processing completion 3 of 4
2024-12-10 12:48:38,834 - root - INFO - Processing completion 4 of 4
2024-12-10 12:48:47,592 - root - INFO - Processing completion 1 of 4
2024-12-10 12:48:54,594 - root - INFO - Processing completion 2 of 4
2024-12-10 12:48:58,455 - root - INFO - Processing completion 3 of 4
2024-12-10 12:49:00,818 - root - INFO - Processing completion 4 of 4
2024-12-10 12:49:03,417 - root - INFO - Processing completion 1 of 4
2024-12-10 12:49:10,233 - root - INFO - Processing completion 2 of 4
2024-12-10 12:49:19,080 - root - INFO - Processing completion 3 of 4
2024-12-10 12:49:27,846 - root - INFO - Processing completion 4 of 4
2024-12-10 12:49:36,742 - root - INFO - Processing completion 1 of 4
2024-12-10 12:49:39,005 - root - INFO - Processing completion 2 of 4
2024-12-10 12:49:39,968 - root - INFO - Processing completion 3 of 4
2024-12-10 12:49:43,281 - root - INFO - Processing completion 4 of 4
2024-12-10 12:49:44,108 - root - INFO - Processing completion 1 of 4
2024-12-10 12:49:48,866 - root - INFO - Processing completion 2 of 4
2024-12-10 12:49:53,687 - root - INFO - Processing completion 3 of 4
2024-12-10 12:50:02,781 - root - INFO - Processing completion 4 of 4
2024-12-10 12:50:04,380 - root - INFO - Processing completion 1 of 4
2024-12-10 12:50:13,602 - root - INFO - Processing completion 2 of 4
2024-12-10 12:50:20,930 - root - INFO - Processing completion 3 of 4
2024-12-10 12:50:29,358 - root - INFO - Processing completion 4 of 4
2024-12-10 12:50:38,413 - root - INFO - Processing completion 1 of 4
2024-12-10 12:50:43,824 - root - INFO - Processing completion 2 of 4
2024-12-10 12:50:52,721 - root - INFO - Processing completion 3 of 4
2024-12-10 12:51:00,925 - root - INFO - Processing completion 4 of 4
2024-12-10 12:51:08,645 - root - INFO - Processing completion 1 of 4
2024-12-10 12:51:13,814 - root - INFO - Processing completion 2 of 4
2024-12-10 12:51:18,224 - root - INFO - Processing completion 3 of 4
2024-12-10 12:51:22,801 - root - INFO - Processing completion 4 of 4
2024-12-10 12:51:25,892 - root - INFO - Processing completion 1 of 4
2024-12-10 12:51:32,193 - root - INFO - Processing completion 2 of 4
2024-12-10 12:51:41,143 - root - INFO - Processing completion 3 of 4
2024-12-10 12:51:50,089 - root - INFO - Processing completion 4 of 4
2024-12-10 12:51:59,034 - root - INFO - Processing completion 1 of 4
2024-12-10 12:52:07,642 - root - INFO - Processing completion 2 of 4
2024-12-10 12:52:16,620 - root - INFO - Processing completion 3 of 4
2024-12-10 12:52:25,731 - root - INFO - Processing completion 4 of 4
2024-12-10 12:52:29,100 - root - INFO - Processing completion 1 of 4
2024-12-10 12:52:33,477 - root - INFO - Processing completion 2 of 4
2024-12-10 12:52:37,892 - root - INFO - Processing completion 3 of 4
2024-12-10 12:52:41,951 - root - INFO - Processing completion 4 of 4
2024-12-10 12:52:46,148 - root - INFO - Processing completion 1 of 4
2024-12-10 12:52:53,315 - root - INFO - Processing completion 2 of 4
2024-12-10 12:53:02,313 - root - INFO - Processing completion 3 of 4
2024-12-10 12:53:11,217 - root - INFO - Processing completion 4 of 4
2024-12-10 12:53:16,347 - root - INFO - Processing completion 1 of 4
2024-12-10 12:53:24,030 - root - INFO - Processing completion 2 of 4
2024-12-10 12:53:32,512 - root - INFO - Processing completion 3 of 4
2024-12-10 12:53:36,036 - root - INFO - Processing completion 4 of 4
2024-12-10 12:53:44,687 - root - INFO - Processing completion 1 of 4
2024-12-10 12:53:53,801 - root - INFO - Processing completion 2 of 4
2024-12-10 12:53:57,865 - root - INFO - Processing completion 3 of 4
2024-12-10 12:54:06,790 - root - INFO - Processing completion 4 of 4
2024-12-10 12:54:09,546 - root - INFO - Processing completion 1 of 4
2024-12-10 12:54:14,556 - root - INFO - Processing completion 2 of 4
2024-12-10 12:54:18,669 - root - INFO - Processing completion 3 of 4
2024-12-10 12:54:25,039 - root - INFO - Processing completion 4 of 4
2024-12-10 12:54:29,122 - root - INFO - Processing completion 1 of 4
2024-12-10 12:54:36,470 - root - INFO - Processing completion 2 of 4
2024-12-10 12:54:43,433 - root - INFO - Processing completion 3 of 4
2024-12-10 12:54:52,443 - root - INFO - Processing completion 4 of 4
2024-12-10 12:54:57,721 - root - INFO - Processing completion 1 of 4
2024-12-10 12:55:06,803 - root - INFO - Processing completion 2 of 4
2024-12-10 12:55:12,508 - root - INFO - Processing completion 3 of 4
2024-12-10 12:55:21,273 - root - INFO - Processing completion 4 of 4
2024-12-10 12:55:30,242 - root - INFO - Processing completion 1 of 4
2024-12-10 12:55:36,974 - root - INFO - Processing completion 2 of 4
2024-12-10 12:55:45,970 - root - INFO - Processing completion 3 of 4
2024-12-10 12:55:54,823 - root - INFO - Processing completion 4 of 4
2024-12-10 12:56:03,008 - root - INFO - Processing completion 1 of 4
2024-12-10 12:56:10,340 - root - INFO - Processing completion 2 of 4
2024-12-10 12:56:13,277 - root - INFO - Processing completion 3 of 4
2024-12-10 12:56:21,614 - root - INFO - Processing completion 4 of 4
2024-12-10 12:56:24,620 - root - INFO - Processing completion 1 of 4
2024-12-10 12:56:33,736 - root - INFO - Processing completion 2 of 4
2024-12-10 12:56:33,925 - root - INFO - Processing completion 3 of 4
2024-12-10 12:56:34,130 - root - INFO - Processing completion 4 of 4
2024-12-10 12:56:34,396 - root - INFO - Processing completion 1 of 4
2024-12-10 12:56:43,766 - root - INFO - Processing completion 2 of 4
2024-12-10 12:56:53,059 - root - INFO - Processing completion 3 of 4
2024-12-10 12:57:02,727 - root - INFO - Processing completion 4 of 4
2024-12-10 12:57:10,602 - root - INFO - Processing completion 1 of 4
2024-12-10 12:57:13,733 - root - INFO - Processing completion 2 of 4
2024-12-10 12:57:18,446 - root - INFO - Processing completion 3 of 4
2024-12-10 12:57:21,326 - root - INFO - Processing completion 4 of 4
2024-12-10 12:57:25,263 - root - INFO - Processing completion 1 of 4
2024-12-10 12:57:28,941 - root - INFO - Processing completion 2 of 4
2024-12-10 12:57:33,289 - root - INFO - Processing completion 3 of 4
2024-12-10 12:57:35,875 - root - INFO - Processing completion 4 of 4
2024-12-10 12:57:39,245 - root - INFO - Processing completion 1 of 4
2024-12-10 12:57:48,563 - root - INFO - Processing completion 2 of 4
2024-12-10 12:57:57,706 - root - INFO - Processing completion 3 of 4
2024-12-10 12:58:05,947 - root - INFO - Processing completion 4 of 4
2024-12-10 12:58:08,817 - root - INFO - Processing completion 1 of 4
2024-12-10 12:58:11,894 - root - INFO - Processing completion 2 of 4
2024-12-10 12:58:16,314 - root - INFO - Processing completion 3 of 4
2024-12-10 12:58:19,885 - root - INFO - Processing completion 4 of 4
2024-12-10 12:58:23,360 - root - INFO - Processing completion 1 of 4
2024-12-10 12:58:26,206 - root - INFO - Processing completion 2 of 4
2024-12-10 12:58:33,561 - root - INFO - Processing completion 3 of 4
2024-12-10 12:58:37,502 - root - INFO - Processing completion 4 of 4
2024-12-10 12:58:39,981 - root - INFO - Processing completion 1 of 4
2024-12-10 12:58:48,619 - root - INFO - Processing completion 2 of 4
2024-12-10 12:58:51,747 - root - INFO - Processing completion 3 of 4
2024-12-10 12:58:57,384 - root - INFO - Processing completion 4 of 4
2024-12-10 12:59:03,925 - root - INFO - Processing completion 1 of 4
2024-12-10 12:59:04,888 - root - INFO - Processing completion 2 of 4
2024-12-10 12:59:05,979 - root - INFO - Processing completion 3 of 4
2024-12-10 12:59:07,542 - root - INFO - Processing completion 4 of 4
2024-12-10 12:59:08,546 - root - INFO - Processing completion 1 of 4
2024-12-10 12:59:13,274 - root - INFO - Processing completion 2 of 4
2024-12-10 12:59:22,799 - root - INFO - Processing completion 3 of 4
2024-12-10 12:59:25,976 - root - INFO - Processing completion 4 of 4
2024-12-10 12:59:30,448 - root - INFO - Processing completion 1 of 4
2024-12-10 12:59:40,272 - root - INFO - Processing completion 2 of 4
2024-12-10 12:59:47,854 - root - INFO - Processing completion 3 of 4
2024-12-10 12:59:55,886 - root - INFO - Processing completion 4 of 4
2024-12-10 13:00:05,930 - root - INFO - Processing completion 1 of 4
2024-12-10 13:00:10,977 - root - INFO - Processing completion 2 of 4
2024-12-10 13:00:17,687 - root - INFO - Processing completion 3 of 4
2024-12-10 13:00:24,657 - root - INFO - Processing completion 4 of 4
2024-12-10 13:00:32,099 - root - INFO - Processing completion 1 of 4
2024-12-10 13:00:36,618 - root - INFO - Processing completion 2 of 4
2024-12-10 13:00:41,884 - root - INFO - Processing completion 3 of 4
2024-12-10 13:00:52,040 - root - INFO - Processing completion 4 of 4
2024-12-10 13:01:02,226 - root - INFO - Processing completion 1 of 4
2024-12-10 13:01:12,390 - root - INFO - Processing completion 2 of 4
2024-12-10 13:01:16,394 - root - INFO - Processing completion 3 of 4
2024-12-10 13:01:22,125 - root - INFO - Processing completion 4 of 4
2024-12-10 13:01:32,034 - root - INFO - Processing completion 1 of 4
2024-12-10 13:01:39,510 - root - INFO - Processing completion 2 of 4
2024-12-10 13:01:47,121 - root - INFO - Processing completion 3 of 4
2024-12-10 13:01:57,497 - root - INFO - Processing completion 4 of 4
2024-12-10 13:02:03,072 - root - INFO - Processing completion 1 of 4
2024-12-10 13:02:09,719 - root - INFO - Processing completion 2 of 4
2024-12-10 13:02:18,880 - root - INFO - Processing completion 3 of 4
2024-12-10 13:02:29,008 - root - INFO - Processing completion 4 of 4
2024-12-10 13:02:39,255 - root - INFO - Processing completion 1 of 4
2024-12-10 13:02:45,885 - root - INFO - Processing completion 2 of 4
2024-12-10 13:02:53,853 - root - INFO - Processing completion 3 of 4
2024-12-10 13:03:03,944 - root - INFO - Processing completion 4 of 4
2024-12-10 13:03:13,288 - root - INFO - Processing completion 1 of 4
2024-12-10 13:03:22,126 - root - INFO - Processing completion 2 of 4
2024-12-10 13:03:30,820 - root - INFO - Processing completion 3 of 4
2024-12-10 13:03:38,048 - root - INFO - Processing completion 4 of 4
2024-12-10 13:03:41,186 - root - INFO - Processing completion 1 of 4
2024-12-10 13:03:47,372 - root - INFO - Processing completion 2 of 4
2024-12-10 13:03:54,681 - root - INFO - Processing completion 3 of 4
2024-12-10 13:04:02,892 - root - INFO - Processing completion 4 of 4
2024-12-10 13:04:11,097 - root - INFO - Processing completion 1 of 4
2024-12-10 13:04:18,024 - root - INFO - Processing completion 2 of 4
2024-12-10 13:04:27,406 - root - INFO - Processing completion 3 of 4
2024-12-10 13:04:36,446 - root - INFO - Processing completion 4 of 4
2024-12-10 13:04:45,425 - root - INFO - Processing completion 1 of 4
2024-12-10 13:04:54,455 - root - INFO - Processing completion 2 of 4
2024-12-10 13:05:01,031 - root - INFO - Processing completion 3 of 4
2024-12-10 13:05:05,913 - root - INFO - Processing completion 4 of 4
2024-12-10 13:05:09,007 - root - INFO - Processing completion 1 of 4
2024-12-10 13:05:17,435 - root - INFO - Processing completion 2 of 4
2024-12-10 13:05:26,361 - root - INFO - Processing completion 3 of 4
2024-12-10 13:05:35,346 - root - INFO - Processing completion 4 of 4
2024-12-10 13:05:42,685 - root - INFO - Processing completion 1 of 4
2024-12-10 13:05:51,909 - root - INFO - Processing completion 2 of 4
2024-12-10 13:06:00,737 - root - INFO - Processing completion 3 of 4
2024-12-10 13:06:09,645 - root - INFO - Processing completion 4 of 4
2024-12-10 13:06:18,517 - root - INFO - Processing completion 1 of 4
2024-12-10 13:06:27,425 - root - INFO - Processing completion 2 of 4
2024-12-10 13:06:36,476 - root - INFO - Processing completion 3 of 4
2024-12-10 13:06:45,484 - root - INFO - Processing completion 4 of 4
2024-12-10 13:06:54,311 - root - INFO - Processing completion 1 of 4
2024-12-10 13:07:03,158 - root - INFO - Processing completion 2 of 4
2024-12-10 13:07:12,058 - root - INFO - Processing completion 3 of 4
2024-12-10 13:07:20,899 - root - INFO - Processing completion 4 of 4
2024-12-10 13:07:29,695 - root - INFO - Processing completion 1 of 4
2024-12-10 13:07:38,737 - root - INFO - Processing completion 2 of 4
2024-12-10 13:07:47,756 - root - INFO - Processing completion 3 of 4
2024-12-10 13:07:56,475 - root - INFO - Processing completion 4 of 4
2024-12-10 13:08:05,215 - root - INFO - Processing completion 1 of 4
2024-12-10 13:08:07,343 - root - INFO - Processing completion 2 of 4
2024-12-10 13:08:09,467 - root - INFO - Processing completion 3 of 4
2024-12-10 13:08:12,165 - root - INFO - Processing completion 4 of 4
2024-12-10 13:08:15,004 - root - INFO - Processing completion 1 of 4
2024-12-10 13:08:17,050 - root - INFO - Processing completion 2 of 4
2024-12-10 13:08:19,509 - root - INFO - Processing completion 3 of 4
2024-12-10 13:08:22,455 - root - INFO - Processing completion 4 of 4
2024-12-10 13:08:25,488 - root - INFO - Processing completion 1 of 4
2024-12-10 13:08:34,443 - root - INFO - Processing completion 2 of 4
2024-12-10 13:08:43,408 - root - INFO - Processing completion 3 of 4
2024-12-10 13:08:51,036 - root - INFO - Processing completion 4 of 4
2024-12-10 13:08:59,304 - root - INFO - Processing completion 1 of 4
2024-12-10 13:09:08,366 - root - INFO - Processing completion 2 of 4
2024-12-10 13:09:17,235 - root - INFO - Processing completion 3 of 4
2024-12-10 13:09:26,182 - root - INFO - Processing completion 4 of 4
2024-12-10 13:09:35,185 - root - INFO - Processing completion 1 of 4
2024-12-10 13:09:44,257 - root - INFO - Processing completion 2 of 4
2024-12-10 13:09:49,305 - root - INFO - Processing completion 3 of 4
2024-12-10 13:09:52,966 - root - INFO - Processing completion 4 of 4
2024-12-10 13:10:00,839 - root - INFO - Processing completion 1 of 4
2024-12-10 13:10:10,007 - root - INFO - Processing completion 2 of 4
2024-12-10 13:10:19,348 - root - INFO - Processing completion 3 of 4
2024-12-10 13:10:28,658 - root - INFO - Processing completion 4 of 4
2024-12-10 13:10:38,089 - root - INFO - Processing completion 1 of 4
2024-12-10 13:10:45,857 - root - INFO - Processing completion 2 of 4
2024-12-10 13:10:55,309 - root - INFO - Processing completion 3 of 4
2024-12-10 13:11:04,338 - root - INFO - Processing completion 4 of 4
2024-12-10 13:11:08,161 - root - INFO - Processing completion 1 of 4
2024-12-10 13:11:17,015 - root - INFO - Processing completion 2 of 4
2024-12-10 13:11:24,502 - root - INFO - Processing completion 3 of 4
2024-12-10 13:11:33,459 - root - INFO - Processing completion 4 of 4
2024-12-10 13:11:42,691 - root - INFO - Processing completion 1 of 4
2024-12-10 13:11:45,784 - root - INFO - Processing completion 2 of 4
2024-12-10 13:11:47,252 - root - INFO - Processing completion 3 of 4
2024-12-10 13:11:51,964 - root - INFO - Processing completion 4 of 4
2024-12-10 13:11:53,324 - root - INFO - Processing completion 1 of 4
2024-12-10 13:12:03,467 - root - INFO - Processing completion 2 of 4
2024-12-10 13:12:07,962 - root - INFO - Processing completion 3 of 4
2024-12-10 13:12:14,844 - root - INFO - Processing completion 4 of 4
2024-12-10 13:12:23,824 - root - INFO - Processing completion 1 of 4
2024-12-10 13:12:33,073 - root - INFO - Processing completion 2 of 4
2024-12-10 13:12:42,480 - root - INFO - Processing completion 3 of 4
2024-12-10 13:12:46,403 - root - INFO - Processing completion 4 of 4
2024-12-10 13:12:54,310 - root - INFO - Processing completion 1 of 4
2024-12-10 13:13:04,550 - root - INFO - Processing completion 2 of 4
2024-12-10 13:13:12,094 - root - INFO - Processing completion 3 of 4
2024-12-10 13:13:17,730 - root - INFO - Processing completion 4 of 4
2024-12-10 13:13:25,324 - root - INFO - Processing completion 1 of 4
2024-12-10 13:13:30,762 - root - INFO - Processing completion 2 of 4
2024-12-10 13:13:34,197 - root - INFO - Processing completion 3 of 4
2024-12-10 13:13:43,938 - root - INFO - Processing completion 4 of 4
2024-12-10 13:13:49,259 - root - INFO - Processing completion 1 of 4
2024-12-10 13:13:55,374 - root - INFO - Processing completion 2 of 4
2024-12-10 13:13:58,270 - root - INFO - Processing completion 3 of 4
2024-12-10 13:14:01,356 - root - INFO - Processing completion 4 of 4
2024-12-10 13:14:04,416 - root - INFO - Processing completion 1 of 4
2024-12-10 13:14:07,017 - root - INFO - Processing completion 2 of 4
2024-12-10 13:14:10,395 - root - INFO - Processing completion 3 of 4
2024-12-10 13:14:13,669 - root - INFO - Processing completion 4 of 4
2024-12-10 13:14:20,646 - root - INFO - Processing completion 1 of 4
2024-12-10 13:14:30,729 - root - INFO - Processing completion 2 of 4
2024-12-10 13:14:37,302 - root - INFO - Processing completion 3 of 4
2024-12-10 13:14:47,399 - root - INFO - Processing completion 4 of 4
2024-12-10 13:14:57,466 - root - INFO - Processing completion 1 of 4
2024-12-10 13:15:07,524 - root - INFO - Processing completion 2 of 4
2024-12-10 13:15:17,694 - root - INFO - Processing completion 3 of 4
2024-12-10 13:15:27,676 - root - INFO - Processing completion 4 of 4
2024-12-10 13:40:17,551 - root - INFO - Generating DPO dataset from preferences: /mnt/bn/merlin-datavolume-tsy/leon/datasets/self-rewarding//1_1_preferences.json
Generating train split: 0 examples [00:00, ? examples/s]Generating train split: 100 examples [00:00, 23408.33 examples/s]
Map:   0%|          | 0/100 [00:00<?, ? examples/s]Map: 100%|██████████| 100/100 [00:00<00:00, 7220.73 examples/s]
is bf16: 1
is fp16: 0
Extracting prompt from train dataset:   0%|          | 0/100 [00:00<?, ? examples/s]Extracting prompt from train dataset: 100%|██████████| 100/100 [00:00<00:00, 10109.44 examples/s]
Applying chat template to train dataset:   0%|          | 0/100 [00:00<?, ? examples/s]Applying chat template to train dataset: 100%|██████████| 100/100 [00:00<00:00, 10661.14 examples/s]
Tokenizing train dataset:   0%|          | 0/100 [00:00<?, ? examples/s]Tokenizing train dataset:  94%|█████████▍| 94/100 [00:00<00:00, 922.01 examples/s]Tokenizing train dataset: 100%|██████████| 100/100 [00:00<00:00, 913.02 examples/s]
  0%|          | 0/3 [00:00<?, ?it/s] 33%|███▎      | 1/3 [00:07<00:15,  7.54s/it] 67%|██████▋   | 2/3 [00:14<00:07,  7.16s/it]100%|██████████| 3/3 [00:21<00:00,  7.00s/it]                                             {'train_runtime': 23.1581, 'train_samples_per_second': 4.318, 'train_steps_per_second': 0.13, 'train_loss': 0.6191012859344482, 'epoch': 0.86}
100%|██████████| 3/3 [00:23<00:00,  7.00s/it]100%|██████████| 3/3 [00:23<00:00,  7.72s/it]
2024-12-10 13:42:42,762 - root - INFO - Generating 4 responses per prompt
2024-12-10 13:42:42,762 - root - INFO - Processing completion 1 of 4
2024-12-10 13:42:52,126 - root - INFO - Processing completion 2 of 4
2024-12-10 13:43:01,297 - root - INFO - Processing completion 3 of 4
2024-12-10 13:43:10,081 - root - INFO - Processing completion 4 of 4
2024-12-10 13:43:16,231 - root - INFO - Processing completion 1 of 4
2024-12-10 13:43:25,512 - root - INFO - Processing completion 2 of 4
2024-12-10 13:43:28,682 - root - INFO - Processing completion 3 of 4
2024-12-10 13:43:37,997 - root - INFO - Processing completion 4 of 4
2024-12-10 13:43:47,442 - root - INFO - Processing completion 1 of 4
2024-12-10 13:43:52,722 - root - INFO - Processing completion 2 of 4
2024-12-10 13:43:57,600 - root - INFO - Processing completion 3 of 4
2024-12-10 13:44:02,933 - root - INFO - Processing completion 4 of 4
2024-12-10 13:44:08,696 - root - INFO - Processing completion 1 of 4
2024-12-10 13:44:18,086 - root - INFO - Processing completion 2 of 4
2024-12-10 13:44:27,329 - root - INFO - Processing completion 3 of 4
2024-12-10 13:44:36,666 - root - INFO - Processing completion 4 of 4
2024-12-10 13:44:46,153 - root - INFO - Processing completion 1 of 4
2024-12-10 13:44:54,544 - root - INFO - Processing completion 2 of 4
2024-12-10 13:45:03,899 - root - INFO - Processing completion 3 of 4
2024-12-10 13:45:13,280 - root - INFO - Processing completion 4 of 4
2024-12-10 13:45:22,746 - root - INFO - Processing completion 1 of 4
2024-12-10 13:45:32,210 - root - INFO - Processing completion 2 of 4
2024-12-10 13:45:38,996 - root - INFO - Processing completion 3 of 4
2024-12-10 13:45:48,266 - root - INFO - Processing completion 4 of 4
2024-12-10 13:45:57,553 - root - INFO - Processing completion 1 of 4
2024-12-10 13:45:59,097 - root - INFO - Processing completion 2 of 4
2024-12-10 13:46:08,773 - root - INFO - Processing completion 3 of 4
2024-12-10 13:46:18,099 - root - INFO - Processing completion 4 of 4
2024-12-10 13:46:22,572 - root - INFO - Processing completion 1 of 4
2024-12-10 13:46:31,817 - root - INFO - Processing completion 2 of 4
2024-12-10 13:46:41,238 - root - INFO - Processing completion 3 of 4
2024-12-10 13:46:50,470 - root - INFO - Processing completion 4 of 4
2024-12-10 13:46:59,622 - root - INFO - Processing completion 1 of 4
2024-12-10 13:47:03,089 - root - INFO - Processing completion 2 of 4
2024-12-10 13:47:07,731 - root - INFO - Processing completion 3 of 4
2024-12-10 13:47:11,927 - root - INFO - Processing completion 4 of 4
2024-12-10 13:47:17,232 - root - INFO - Processing completion 1 of 4
2024-12-10 13:47:26,664 - root - INFO - Processing completion 2 of 4
2024-12-10 13:47:30,050 - root - INFO - Processing completion 3 of 4
2024-12-10 13:47:38,585 - root - INFO - Processing completion 4 of 4
2024-12-10 13:47:43,273 - root - INFO - Processing completion 1 of 4
2024-12-10 13:47:46,577 - root - INFO - Processing completion 2 of 4
2024-12-10 13:47:49,912 - root - INFO - Processing completion 3 of 4
2024-12-10 13:47:52,698 - root - INFO - Processing completion 4 of 4
2024-12-10 13:47:54,550 - root - INFO - Processing completion 1 of 4
2024-12-10 13:48:03,974 - root - INFO - Processing completion 2 of 4
2024-12-10 13:48:13,104 - root - INFO - Processing completion 3 of 4
2024-12-10 13:48:22,659 - root - INFO - Processing completion 4 of 4
2024-12-10 13:48:31,995 - root - INFO - Processing completion 1 of 4
2024-12-10 13:48:40,413 - root - INFO - Processing completion 2 of 4
2024-12-10 13:48:49,661 - root - INFO - Processing completion 3 of 4
2024-12-10 13:48:58,814 - root - INFO - Processing completion 4 of 4
2024-12-10 13:49:08,071 - root - INFO - Processing completion 1 of 4
2024-12-10 13:49:17,473 - root - INFO - Processing completion 2 of 4
2024-12-10 13:49:21,256 - root - INFO - Processing completion 3 of 4
2024-12-10 13:49:25,512 - root - INFO - Processing completion 4 of 4
2024-12-10 13:49:29,412 - root - INFO - Processing completion 1 of 4
2024-12-10 13:49:39,223 - root - INFO - Processing completion 2 of 4
2024-12-10 13:49:48,577 - root - INFO - Processing completion 3 of 4
2024-12-10 13:49:57,759 - root - INFO - Processing completion 4 of 4
2024-12-10 13:50:06,997 - root - INFO - Processing completion 1 of 4
2024-12-10 13:50:07,922 - root - INFO - Processing completion 2 of 4
2024-12-10 13:50:08,576 - root - INFO - Processing completion 3 of 4
2024-12-10 13:50:09,517 - root - INFO - Processing completion 4 of 4
2024-12-10 13:50:10,296 - root - INFO - Processing completion 1 of 4
2024-12-10 13:50:19,926 - root - INFO - Processing completion 2 of 4
2024-12-10 13:50:24,890 - root - INFO - Processing completion 3 of 4
2024-12-10 13:50:34,217 - root - INFO - Processing completion 4 of 4
2024-12-10 13:50:43,814 - root - INFO - Processing completion 1 of 4
2024-12-10 13:50:53,453 - root - INFO - Processing completion 2 of 4
2024-12-10 13:51:02,775 - root - INFO - Processing completion 3 of 4
2024-12-10 13:51:12,182 - root - INFO - Processing completion 4 of 4
2024-12-10 13:51:21,508 - root - INFO - Processing completion 1 of 4
2024-12-10 13:51:25,373 - root - INFO - Processing completion 2 of 4
2024-12-10 13:51:29,317 - root - INFO - Processing completion 3 of 4
2024-12-10 13:51:31,849 - root - INFO - Processing completion 4 of 4
2024-12-10 13:51:41,279 - root - INFO - Processing completion 1 of 4
2024-12-10 13:51:41,569 - root - INFO - Processing completion 2 of 4
2024-12-10 13:51:41,852 - root - INFO - Processing completion 3 of 4
2024-12-10 13:51:42,033 - root - INFO - Processing completion 4 of 4
2024-12-10 13:51:42,247 - root - INFO - Processing completion 1 of 4
2024-12-10 13:51:51,240 - root - INFO - Processing completion 2 of 4
2024-12-10 13:52:00,074 - root - INFO - Processing completion 3 of 4
2024-12-10 13:52:08,583 - root - INFO - Processing completion 4 of 4
2024-12-10 13:52:17,530 - root - INFO - Processing completion 1 of 4
2024-12-10 13:52:23,983 - root - INFO - Processing completion 2 of 4
2024-12-10 13:52:32,529 - root - INFO - Processing completion 3 of 4
2024-12-10 13:52:34,844 - root - INFO - Processing completion 4 of 4
2024-12-10 13:52:38,792 - root - INFO - Processing completion 1 of 4
2024-12-10 13:52:47,851 - root - INFO - Processing completion 2 of 4
2024-12-10 13:52:56,800 - root - INFO - Processing completion 3 of 4
2024-12-10 13:53:04,696 - root - INFO - Processing completion 4 of 4
2024-12-10 13:53:13,614 - root - INFO - Processing completion 1 of 4
2024-12-10 13:53:22,595 - root - INFO - Processing completion 2 of 4
2024-12-10 13:53:31,493 - root - INFO - Processing completion 3 of 4
2024-12-10 13:53:37,683 - root - INFO - Processing completion 4 of 4
2024-12-10 13:53:47,353 - root - INFO - Processing completion 1 of 4
2024-12-10 13:53:54,738 - root - INFO - Processing completion 2 of 4
2024-12-10 13:54:04,359 - root - INFO - Processing completion 3 of 4
2024-12-10 13:54:10,681 - root - INFO - Processing completion 4 of 4
2024-12-10 13:54:20,149 - root - INFO - Processing completion 1 of 4
2024-12-10 13:54:24,305 - root - INFO - Processing completion 2 of 4
2024-12-10 13:54:34,175 - root - INFO - Processing completion 3 of 4
2024-12-10 13:54:43,669 - root - INFO - Processing completion 4 of 4
2024-12-10 13:54:50,534 - root - INFO - Processing completion 1 of 4
2024-12-10 13:54:52,864 - root - INFO - Processing completion 2 of 4
2024-12-10 13:54:58,113 - root - INFO - Processing completion 3 of 4
2024-12-10 13:55:01,730 - root - INFO - Processing completion 4 of 4
2024-12-10 13:55:05,360 - root - INFO - Processing completion 1 of 4
2024-12-10 13:55:14,922 - root - INFO - Processing completion 2 of 4
2024-12-10 13:55:19,922 - root - INFO - Processing completion 3 of 4
2024-12-10 13:55:25,094 - root - INFO - Processing completion 4 of 4
2024-12-10 13:55:30,216 - root - INFO - Processing completion 1 of 4
2024-12-10 13:55:39,665 - root - INFO - Processing completion 2 of 4
2024-12-10 13:55:47,051 - root - INFO - Processing completion 3 of 4
2024-12-10 13:55:56,194 - root - INFO - Processing completion 4 of 4
2024-12-10 13:56:05,221 - root - INFO - Processing completion 1 of 4
2024-12-10 13:56:14,405 - root - INFO - Processing completion 2 of 4
2024-12-10 13:56:20,742 - root - INFO - Processing completion 3 of 4
2024-12-10 13:56:30,012 - root - INFO - Processing completion 4 of 4
2024-12-10 13:56:39,166 - root - INFO - Processing completion 1 of 4
2024-12-10 13:56:42,451 - root - INFO - Processing completion 2 of 4
2024-12-10 13:56:48,665 - root - INFO - Processing completion 3 of 4
2024-12-10 13:56:55,516 - root - INFO - Processing completion 4 of 4
2024-12-10 13:57:00,752 - root - INFO - Processing completion 1 of 4
2024-12-10 13:57:09,967 - root - INFO - Processing completion 2 of 4
2024-12-10 13:57:18,939 - root - INFO - Processing completion 3 of 4
2024-12-10 13:57:27,943 - root - INFO - Processing completion 4 of 4
2024-12-10 13:57:37,071 - root - INFO - Processing completion 1 of 4
2024-12-10 13:57:46,379 - root - INFO - Processing completion 2 of 4
2024-12-10 13:57:55,403 - root - INFO - Processing completion 3 of 4
2024-12-10 13:58:04,501 - root - INFO - Processing completion 4 of 4
2024-12-10 13:58:13,665 - root - INFO - Processing completion 1 of 4
2024-12-10 13:58:15,653 - root - INFO - Processing completion 2 of 4
2024-12-10 13:58:16,626 - root - INFO - Processing completion 3 of 4
2024-12-10 13:58:17,544 - root - INFO - Processing completion 4 of 4
2024-12-10 13:58:19,013 - root - INFO - Processing completion 1 of 4
2024-12-10 13:58:28,369 - root - INFO - Processing completion 2 of 4
2024-12-10 13:58:36,392 - root - INFO - Processing completion 3 of 4
2024-12-10 13:58:45,228 - root - INFO - Processing completion 4 of 4
2024-12-10 13:58:54,053 - root - INFO - Processing completion 1 of 4
2024-12-10 13:59:03,095 - root - INFO - Processing completion 2 of 4
2024-12-10 13:59:07,539 - root - INFO - Processing completion 3 of 4
2024-12-10 13:59:16,462 - root - INFO - Processing completion 4 of 4
2024-12-10 13:59:25,298 - root - INFO - Processing completion 1 of 4
2024-12-10 13:59:34,295 - root - INFO - Processing completion 2 of 4
2024-12-10 13:59:38,800 - root - INFO - Processing completion 3 of 4
2024-12-10 13:59:42,634 - root - INFO - Processing completion 4 of 4
2024-12-10 13:59:48,552 - root - INFO - Processing completion 1 of 4
2024-12-10 13:59:51,253 - root - INFO - Processing completion 2 of 4
2024-12-10 13:59:55,065 - root - INFO - Processing completion 3 of 4
2024-12-10 13:59:59,363 - root - INFO - Processing completion 4 of 4
2024-12-10 14:00:08,301 - root - INFO - Processing completion 1 of 4
2024-12-10 14:00:17,653 - root - INFO - Processing completion 2 of 4
2024-12-10 14:00:26,579 - root - INFO - Processing completion 3 of 4
2024-12-10 14:00:35,494 - root - INFO - Processing completion 4 of 4
2024-12-10 14:00:44,386 - root - INFO - Processing completion 1 of 4
2024-12-10 14:00:52,708 - root - INFO - Processing completion 2 of 4
2024-12-10 14:01:01,789 - root - INFO - Processing completion 3 of 4
2024-12-10 14:01:06,998 - root - INFO - Processing completion 4 of 4
2024-12-10 14:01:16,005 - root - INFO - Processing completion 1 of 4
2024-12-10 14:01:24,055 - root - INFO - Processing completion 2 of 4
2024-12-10 14:01:33,239 - root - INFO - Processing completion 3 of 4
2024-12-10 14:01:42,197 - root - INFO - Processing completion 4 of 4
2024-12-10 14:01:48,294 - root - INFO - Processing completion 1 of 4
2024-12-10 14:01:50,974 - root - INFO - Processing completion 2 of 4
2024-12-10 14:01:52,641 - root - INFO - Processing completion 3 of 4
2024-12-10 14:01:55,041 - root - INFO - Processing completion 4 of 4
2024-12-10 14:01:56,441 - root - INFO - Processing completion 1 of 4
2024-12-10 14:01:58,149 - root - INFO - Processing completion 2 of 4
2024-12-10 14:02:07,855 - root - INFO - Processing completion 3 of 4
2024-12-10 14:02:17,526 - root - INFO - Processing completion 4 of 4
2024-12-10 14:02:27,185 - root - INFO - Processing completion 1 of 4
2024-12-10 14:02:36,795 - root - INFO - Processing completion 2 of 4
2024-12-10 14:02:46,114 - root - INFO - Processing completion 3 of 4
2024-12-10 14:02:55,669 - root - INFO - Processing completion 4 of 4
2024-12-10 14:03:05,251 - root - INFO - Processing completion 1 of 4
2024-12-10 14:03:11,941 - root - INFO - Processing completion 2 of 4
2024-12-10 14:03:21,515 - root - INFO - Processing completion 3 of 4
2024-12-10 14:03:30,720 - root - INFO - Processing completion 4 of 4
2024-12-10 14:03:37,362 - root - INFO - Processing completion 1 of 4
2024-12-10 14:03:46,031 - root - INFO - Processing completion 2 of 4
2024-12-10 14:03:55,373 - root - INFO - Processing completion 3 of 4
2024-12-10 14:04:04,821 - root - INFO - Processing completion 4 of 4
2024-12-10 14:04:13,945 - root - INFO - Processing completion 1 of 4
2024-12-10 14:04:23,110 - root - INFO - Processing completion 2 of 4
2024-12-10 14:04:32,215 - root - INFO - Processing completion 3 of 4
2024-12-10 14:04:41,265 - root - INFO - Processing completion 4 of 4
2024-12-10 14:04:50,143 - root - INFO - Processing completion 1 of 4
2024-12-10 14:04:53,055 - root - INFO - Processing completion 2 of 4
2024-12-10 14:04:56,047 - root - INFO - Processing completion 3 of 4
2024-12-10 14:05:04,838 - root - INFO - Processing completion 4 of 4
2024-12-10 14:05:08,571 - root - INFO - Processing completion 1 of 4
2024-12-10 14:05:12,542 - root - INFO - Processing completion 2 of 4
2024-12-10 14:05:16,325 - root - INFO - Processing completion 3 of 4
2024-12-10 14:05:20,199 - root - INFO - Processing completion 4 of 4
2024-12-10 14:05:23,953 - root - INFO - Processing completion 1 of 4
2024-12-10 14:05:33,091 - root - INFO - Processing completion 2 of 4
2024-12-10 14:05:37,675 - root - INFO - Processing completion 3 of 4
2024-12-10 14:05:45,320 - root - INFO - Processing completion 4 of 4
2024-12-10 14:05:48,708 - root - INFO - Processing completion 1 of 4
2024-12-10 14:05:55,171 - root - INFO - Processing completion 2 of 4
2024-12-10 14:06:04,589 - root - INFO - Processing completion 3 of 4
2024-12-10 14:06:11,120 - root - INFO - Processing completion 4 of 4
2024-12-10 14:06:17,544 - root - INFO - Processing completion 1 of 4
2024-12-10 14:06:22,363 - root - INFO - Processing completion 2 of 4
2024-12-10 14:06:26,496 - root - INFO - Processing completion 3 of 4
2024-12-10 14:06:32,199 - root - INFO - Processing completion 4 of 4
2024-12-10 14:06:41,722 - root - INFO - Processing completion 1 of 4
2024-12-10 14:06:46,601 - root - INFO - Processing completion 2 of 4
2024-12-10 14:06:51,095 - root - INFO - Processing completion 3 of 4
2024-12-10 14:07:00,876 - root - INFO - Processing completion 4 of 4
2024-12-10 14:07:10,754 - root - INFO - Processing completion 1 of 4
2024-12-10 14:07:15,255 - root - INFO - Processing completion 2 of 4
2024-12-10 14:07:20,559 - root - INFO - Processing completion 3 of 4
2024-12-10 14:07:28,721 - root - INFO - Processing completion 4 of 4
2024-12-10 14:07:35,392 - root - INFO - Processing completion 1 of 4
2024-12-10 14:07:45,074 - root - INFO - Processing completion 2 of 4
2024-12-10 14:07:54,592 - root - INFO - Processing completion 3 of 4
2024-12-10 14:08:04,089 - root - INFO - Processing completion 4 of 4
2024-12-10 14:08:12,066 - root - INFO - Processing completion 1 of 4
2024-12-10 14:08:21,581 - root - INFO - Processing completion 2 of 4
2024-12-10 14:08:31,043 - root - INFO - Processing completion 3 of 4
2024-12-10 14:08:40,465 - root - INFO - Processing completion 4 of 4
2024-12-10 14:08:49,842 - root - INFO - Processing completion 1 of 4
2024-12-10 14:08:59,199 - root - INFO - Processing completion 2 of 4
2024-12-10 14:09:04,757 - root - INFO - Processing completion 3 of 4
2024-12-10 14:09:07,229 - root - INFO - Processing completion 4 of 4
2024-12-10 14:09:15,150 - root - INFO - Processing completion 1 of 4
2024-12-10 14:09:20,345 - root - INFO - Processing completion 2 of 4
2024-12-10 14:09:25,255 - root - INFO - Processing completion 3 of 4
2024-12-10 14:09:26,130 - root - INFO - Processing completion 4 of 4
2024-12-10 14:09:30,121 - root - INFO - Processing completion 1 of 4
2024-12-10 14:09:39,519 - root - INFO - Processing completion 2 of 4
2024-12-10 14:09:46,545 - root - INFO - Processing completion 3 of 4
2024-12-10 14:09:56,295 - root - INFO - Processing completion 4 of 4
2024-12-10 14:10:05,874 - root - INFO - Processing completion 1 of 4
2024-12-10 14:10:08,147 - root - INFO - Processing completion 2 of 4
2024-12-10 14:10:11,217 - root - INFO - Processing completion 3 of 4
2024-12-10 14:10:14,783 - root - INFO - Processing completion 4 of 4
2024-12-10 14:10:16,999 - root - INFO - Processing completion 1 of 4
2024-12-10 14:10:19,670 - root - INFO - Processing completion 2 of 4
2024-12-10 14:10:22,067 - root - INFO - Processing completion 3 of 4
2024-12-10 14:10:24,422 - root - INFO - Processing completion 4 of 4
2024-12-10 14:10:34,222 - root - INFO - Processing completion 1 of 4
2024-12-10 14:10:38,538 - root - INFO - Processing completion 2 of 4
2024-12-10 14:10:43,229 - root - INFO - Processing completion 3 of 4
2024-12-10 14:10:48,028 - root - INFO - Processing completion 4 of 4
2024-12-10 14:10:54,330 - root - INFO - Processing completion 1 of 4
2024-12-10 14:10:58,005 - root - INFO - Processing completion 2 of 4
2024-12-10 14:10:59,131 - root - INFO - Processing completion 3 of 4
2024-12-10 14:11:02,409 - root - INFO - Processing completion 4 of 4
2024-12-10 14:11:03,180 - root - INFO - Processing completion 1 of 4
2024-12-10 14:11:12,673 - root - INFO - Processing completion 2 of 4
2024-12-10 14:11:16,143 - root - INFO - Processing completion 3 of 4
2024-12-10 14:11:25,831 - root - INFO - Processing completion 4 of 4
2024-12-10 14:11:28,138 - root - INFO - Processing completion 1 of 4
2024-12-10 14:11:35,332 - root - INFO - Processing completion 2 of 4
2024-12-10 14:11:41,863 - root - INFO - Processing completion 3 of 4
2024-12-10 14:11:46,878 - root - INFO - Processing completion 4 of 4
2024-12-10 14:11:53,431 - root - INFO - Processing completion 1 of 4
2024-12-10 14:11:53,941 - root - INFO - Processing completion 2 of 4
2024-12-10 14:11:55,507 - root - INFO - Processing completion 3 of 4
2024-12-10 14:11:56,912 - root - INFO - Processing completion 4 of 4
2024-12-10 14:11:58,541 - root - INFO - Processing completion 1 of 4
2024-12-10 14:12:08,391 - root - INFO - Processing completion 2 of 4
2024-12-10 14:12:12,702 - root - INFO - Processing completion 3 of 4
2024-12-10 14:12:22,046 - root - INFO - Processing completion 4 of 4
2024-12-10 14:12:31,994 - root - INFO - Processing completion 1 of 4
2024-12-10 14:12:38,495 - root - INFO - Processing completion 2 of 4
2024-12-10 14:12:46,773 - root - INFO - Processing completion 3 of 4
2024-12-10 14:12:56,515 - root - INFO - Processing completion 4 of 4
2024-12-10 14:13:05,934 - root - INFO - Processing completion 1 of 4
2024-12-10 14:13:11,073 - root - INFO - Processing completion 2 of 4
2024-12-10 14:13:15,875 - root - INFO - Processing completion 3 of 4
2024-12-10 14:13:20,170 - root - INFO - Processing completion 4 of 4
2024-12-10 14:13:26,277 - root - INFO - Processing completion 1 of 4
2024-12-10 14:13:30,247 - root - INFO - Processing completion 2 of 4
2024-12-10 14:13:39,567 - root - INFO - Processing completion 3 of 4
2024-12-10 14:13:45,376 - root - INFO - Processing completion 4 of 4
2024-12-10 14:13:54,460 - root - INFO - Processing completion 1 of 4
2024-12-10 14:14:01,213 - root - INFO - Processing completion 2 of 4
2024-12-10 14:14:09,017 - root - INFO - Processing completion 3 of 4
2024-12-10 14:14:18,100 - root - INFO - Processing completion 4 of 4
2024-12-10 14:14:24,810 - root - INFO - Processing completion 1 of 4
2024-12-10 14:14:27,499 - root - INFO - Processing completion 2 of 4
2024-12-10 14:14:33,970 - root - INFO - Processing completion 3 of 4
2024-12-10 14:14:41,407 - root - INFO - Processing completion 4 of 4
2024-12-10 14:14:50,368 - root - INFO - Processing completion 1 of 4
2024-12-10 14:14:54,114 - root - INFO - Processing completion 2 of 4
2024-12-10 14:15:03,117 - root - INFO - Processing completion 3 of 4
2024-12-10 14:15:06,531 - root - INFO - Processing completion 4 of 4
2024-12-10 14:15:13,573 - root - INFO - Processing completion 1 of 4
2024-12-10 14:15:17,276 - root - INFO - Processing completion 2 of 4
2024-12-10 14:15:20,549 - root - INFO - Processing completion 3 of 4
2024-12-10 14:15:24,816 - root - INFO - Processing completion 4 of 4
2024-12-10 14:15:32,708 - root - INFO - Processing completion 1 of 4
2024-12-10 14:15:36,801 - root - INFO - Processing completion 2 of 4
2024-12-10 14:15:45,754 - root - INFO - Processing completion 3 of 4
2024-12-10 14:15:50,268 - root - INFO - Processing completion 4 of 4
2024-12-10 14:15:55,871 - root - INFO - Processing completion 1 of 4
2024-12-10 14:16:01,750 - root - INFO - Processing completion 2 of 4
2024-12-10 14:16:04,266 - root - INFO - Processing completion 3 of 4
2024-12-10 14:16:09,876 - root - INFO - Processing completion 4 of 4
2024-12-10 14:16:12,536 - root - INFO - Processing completion 1 of 4
2024-12-10 14:16:19,208 - root - INFO - Processing completion 2 of 4
2024-12-10 14:16:22,691 - root - INFO - Processing completion 3 of 4
2024-12-10 14:16:31,674 - root - INFO - Processing completion 4 of 4
2024-12-10 14:16:40,236 - root - INFO - Processing completion 1 of 4
2024-12-10 14:16:49,433 - root - INFO - Processing completion 2 of 4
2024-12-10 14:16:58,339 - root - INFO - Processing completion 3 of 4
2024-12-10 14:17:07,279 - root - INFO - Processing completion 4 of 4
2024-12-10 14:17:16,195 - root - INFO - Processing completion 1 of 4
2024-12-10 14:17:22,700 - root - INFO - Processing completion 2 of 4
2024-12-10 14:17:25,879 - root - INFO - Processing completion 3 of 4
2024-12-10 14:17:32,023 - root - INFO - Processing completion 4 of 4
2024-12-10 14:17:38,493 - root - INFO - Processing completion 1 of 4
2024-12-10 14:17:47,489 - root - INFO - Processing completion 2 of 4
2024-12-10 14:17:54,588 - root - INFO - Processing completion 3 of 4
2024-12-10 14:18:01,722 - root - INFO - Processing completion 4 of 4
2024-12-10 14:18:08,348 - root - INFO - Processing completion 1 of 4
2024-12-10 14:18:13,937 - root - INFO - Processing completion 2 of 4
2024-12-10 14:18:17,148 - root - INFO - Processing completion 3 of 4
2024-12-10 14:18:19,994 - root - INFO - Processing completion 4 of 4
2024-12-10 14:18:25,677 - root - INFO - Processing completion 1 of 4
2024-12-10 14:18:27,130 - root - INFO - Processing completion 2 of 4
2024-12-10 14:18:30,405 - root - INFO - Processing completion 3 of 4
2024-12-10 14:18:32,831 - root - INFO - Processing completion 4 of 4
2024-12-10 14:18:35,617 - root - INFO - Processing completion 1 of 4
2024-12-10 14:18:38,315 - root - INFO - Processing completion 2 of 4
2024-12-10 14:18:47,470 - root - INFO - Processing completion 3 of 4
2024-12-10 14:18:49,964 - root - INFO - Processing completion 4 of 4
2024-12-10 14:18:53,336 - root - INFO - Processing completion 1 of 4
2024-12-10 14:19:01,431 - root - INFO - Processing completion 2 of 4
2024-12-10 14:19:07,527 - root - INFO - Processing completion 3 of 4
2024-12-10 14:19:13,515 - root - INFO - Processing completion 4 of 4
2024-12-10 14:19:22,929 - root - INFO - Processing completion 1 of 4
2024-12-10 14:19:26,859 - root - INFO - Processing completion 2 of 4
2024-12-10 14:19:30,280 - root - INFO - Processing completion 3 of 4
2024-12-10 14:19:35,350 - root - INFO - Processing completion 4 of 4
2024-12-10 14:19:40,668 - root - INFO - Processing completion 1 of 4
2024-12-10 14:19:49,412 - root - INFO - Processing completion 2 of 4
2024-12-10 14:19:58,381 - root - INFO - Processing completion 3 of 4
2024-12-10 14:20:07,576 - root - INFO - Processing completion 4 of 4
2024-12-10 14:20:14,388 - root - INFO - Processing completion 1 of 4
2024-12-10 14:20:14,670 - root - INFO - Processing completion 2 of 4
2024-12-10 14:20:16,823 - root - INFO - Processing completion 3 of 4
2024-12-10 14:20:17,179 - root - INFO - Processing completion 4 of 4
2024-12-10 14:20:19,304 - root - INFO - Processing completion 1 of 4
2024-12-10 14:20:28,356 - root - INFO - Processing completion 2 of 4
2024-12-10 14:20:37,361 - root - INFO - Processing completion 3 of 4
2024-12-10 14:20:46,351 - root - INFO - Processing completion 4 of 4
2024-12-10 14:20:55,222 - root - INFO - Processing completion 1 of 4
2024-12-10 14:21:04,192 - root - INFO - Processing completion 2 of 4
2024-12-10 14:21:13,252 - root - INFO - Processing completion 3 of 4
2024-12-10 14:21:20,369 - root - INFO - Processing completion 4 of 4
2024-12-10 14:21:29,355 - root - INFO - Processing completion 1 of 4
2024-12-10 14:21:32,029 - root - INFO - Processing completion 2 of 4
2024-12-10 14:21:35,272 - root - INFO - Processing completion 3 of 4
2024-12-10 14:21:35,904 - root - INFO - Processing completion 4 of 4
2024-12-10 14:21:44,996 - root - INFO - Processing completion 1 of 4
2024-12-10 14:21:54,008 - root - INFO - Processing completion 2 of 4
2024-12-10 14:22:02,961 - root - INFO - Processing completion 3 of 4
2024-12-10 14:22:12,195 - root - INFO - Processing completion 4 of 4
2024-12-10 14:22:20,703 - root - INFO - Processing completion 1 of 4
2024-12-10 14:22:27,678 - root - INFO - Processing completion 2 of 4
2024-12-10 14:22:30,872 - root - INFO - Processing completion 3 of 4
2024-12-10 14:22:35,986 - root - INFO - Processing completion 4 of 4
2024-12-10 14:22:39,795 - root - INFO - Processing completion 1 of 4
2024-12-10 14:22:45,857 - root - INFO - Processing completion 2 of 4
2024-12-10 14:22:55,054 - root - INFO - Processing completion 3 of 4
2024-12-10 14:23:04,088 - root - INFO - Processing completion 4 of 4
2024-12-10 14:23:13,307 - root - INFO - Processing completion 1 of 4
2024-12-10 14:23:18,148 - root - INFO - Processing completion 2 of 4
2024-12-10 14:23:21,316 - root - INFO - Processing completion 3 of 4
2024-12-10 14:23:22,982 - root - INFO - Processing completion 4 of 4
2024-12-10 14:23:31,344 - root - INFO - Processing completion 1 of 4
2024-12-10 14:23:40,111 - root - INFO - Processing completion 2 of 4
2024-12-10 14:23:49,032 - root - INFO - Processing completion 3 of 4
2024-12-10 14:23:58,039 - root - INFO - Processing completion 4 of 4
2024-12-10 14:24:05,488 - root - INFO - Processing completion 1 of 4
2024-12-10 14:24:14,373 - root - INFO - Processing completion 2 of 4
2024-12-10 14:24:17,602 - root - INFO - Processing completion 3 of 4
2024-12-10 14:24:24,781 - root - INFO - Processing completion 4 of 4
2024-12-10 14:24:26,110 - root - INFO - Processing completion 1 of 4
2024-12-10 14:24:35,158 - root - INFO - Processing completion 2 of 4
2024-12-10 14:24:42,924 - root - INFO - Processing completion 3 of 4
2024-12-10 14:24:48,453 - root - INFO - Processing completion 4 of 4
2024-12-10 14:24:57,152 - root - INFO - Processing completion 1 of 4
2024-12-10 14:25:03,205 - root - INFO - Processing completion 2 of 4
2024-12-10 14:25:05,125 - root - INFO - Processing completion 3 of 4
2024-12-10 14:25:08,307 - root - INFO - Processing completion 4 of 4
2024-12-10 14:25:10,192 - root - INFO - Processing completion 1 of 4
2024-12-10 14:25:19,434 - root - INFO - Processing completion 2 of 4
2024-12-10 14:25:28,709 - root - INFO - Processing completion 3 of 4
2024-12-10 14:25:37,933 - root - INFO - Processing completion 4 of 4
2024-12-10 14:25:47,085 - root - INFO - Processing completion 1 of 4
2024-12-10 14:25:56,690 - root - INFO - Processing completion 2 of 4
2024-12-10 14:26:05,850 - root - INFO - Processing completion 3 of 4
2024-12-10 14:26:15,307 - root - INFO - Processing completion 4 of 4
2024-12-10 14:51:50,224 - root - INFO - Generating DPO dataset from preferences: /mnt/bn/merlin-datavolume-tsy/leon/datasets/self-rewarding//2_1_preferences.json
Generating train split: 0 examples [00:00, ? examples/s]Generating train split: 100 examples [00:00, 21325.52 examples/s]
Map:   0%|          | 0/100 [00:00<?, ? examples/s]Map: 100%|██████████| 100/100 [00:00<00:00, 7258.34 examples/s]
is bf16: 1
is fp16: 0
Extracting prompt from train dataset:   0%|          | 0/100 [00:00<?, ? examples/s]Extracting prompt from train dataset: 100%|██████████| 100/100 [00:00<00:00, 9828.25 examples/s]
Applying chat template to train dataset:   0%|          | 0/100 [00:00<?, ? examples/s]Applying chat template to train dataset: 100%|██████████| 100/100 [00:00<00:00, 10536.86 examples/s]
Tokenizing train dataset:   0%|          | 0/100 [00:00<?, ? examples/s]Tokenizing train dataset:  92%|█████████▏| 92/100 [00:00<00:00, 906.12 examples/s]Tokenizing train dataset: 100%|██████████| 100/100 [00:00<00:00, 895.05 examples/s]
  0%|          | 0/3 [00:00<?, ?it/s] 33%|███▎      | 1/3 [00:07<00:14,  7.26s/it] 67%|██████▋   | 2/3 [00:13<00:06,  6.73s/it]100%|██████████| 3/3 [00:20<00:00,  6.76s/it]                                             {'train_runtime': 22.0365, 'train_samples_per_second': 4.538, 'train_steps_per_second': 0.136, 'train_loss': 0.6680118242899576, 'epoch': 0.86}
100%|██████████| 3/3 [00:22<00:00,  6.76s/it]100%|██████████| 3/3 [00:22<00:00,  7.35s/it]
>> ==================== Round 3 : [0, 1] ====================
2024-12-10 14:54:34,067 - root - INFO - Generating 4 responses per prompt
2024-12-10 14:54:34,068 - root - INFO - Processing completion 1 of 4
2024-12-10 14:54:37,949 - root - INFO - Processing completion 2 of 4
2024-12-10 14:54:40,869 - root - INFO - Processing completion 3 of 4
2024-12-10 14:54:49,332 - root - INFO - Processing completion 4 of 4
2024-12-10 14:54:58,526 - root - INFO - Processing completion 1 of 4
2024-12-10 14:55:02,636 - root - INFO - Processing completion 2 of 4
2024-12-10 14:55:12,104 - root - INFO - Processing completion 3 of 4
2024-12-10 14:55:21,517 - root - INFO - Processing completion 4 of 4
2024-12-10 14:55:30,723 - root - INFO - Processing completion 1 of 4
2024-12-10 14:55:35,798 - root - INFO - Processing completion 2 of 4
2024-12-10 14:55:40,112 - root - INFO - Processing completion 3 of 4
2024-12-10 14:55:45,218 - root - INFO - Processing completion 4 of 4
2024-12-10 14:55:50,686 - root - INFO - Processing completion 1 of 4
2024-12-10 14:56:00,432 - root - INFO - Processing completion 2 of 4
2024-12-10 14:56:09,771 - root - INFO - Processing completion 3 of 4
2024-12-10 14:56:18,094 - root - INFO - Processing completion 4 of 4
2024-12-10 14:56:27,890 - root - INFO - Processing completion 1 of 4
2024-12-10 14:56:37,686 - root - INFO - Processing completion 2 of 4
2024-12-10 14:56:45,506 - root - INFO - Processing completion 3 of 4
2024-12-10 14:56:52,142 - root - INFO - Processing completion 4 of 4
2024-12-10 14:57:01,078 - root - INFO - Processing completion 1 of 4
2024-12-10 14:57:06,623 - root - INFO - Processing completion 2 of 4
2024-12-10 14:57:15,150 - root - INFO - Processing completion 3 of 4
2024-12-10 14:57:20,465 - root - INFO - Processing completion 4 of 4
2024-12-10 14:57:26,541 - root - INFO - Processing completion 1 of 4
2024-12-10 14:57:28,113 - root - INFO - Processing completion 2 of 4
2024-12-10 14:57:37,684 - root - INFO - Processing completion 3 of 4
2024-12-10 14:57:42,649 - root - INFO - Processing completion 4 of 4
2024-12-10 14:57:46,766 - root - INFO - Processing completion 1 of 4
2024-12-10 14:57:53,787 - root - INFO - Processing completion 2 of 4
2024-12-10 14:58:03,354 - root - INFO - Processing completion 3 of 4
2024-12-10 14:58:12,941 - root - INFO - Processing completion 4 of 4
2024-12-10 14:58:22,284 - root - INFO - Processing completion 1 of 4
2024-12-10 14:58:28,132 - root - INFO - Processing completion 2 of 4
2024-12-10 14:58:30,570 - root - INFO - Processing completion 3 of 4
2024-12-10 14:58:34,200 - root - INFO - Processing completion 4 of 4
2024-12-10 14:58:40,133 - root - INFO - Processing completion 1 of 4
2024-12-10 14:58:44,440 - root - INFO - Processing completion 2 of 4
2024-12-10 14:58:50,842 - root - INFO - Processing completion 3 of 4
2024-12-10 14:58:58,975 - root - INFO - Processing completion 4 of 4
2024-12-10 14:59:02,561 - root - INFO - Processing completion 1 of 4
2024-12-10 14:59:05,280 - root - INFO - Processing completion 2 of 4
2024-12-10 14:59:09,039 - root - INFO - Processing completion 3 of 4
2024-12-10 14:59:13,215 - root - INFO - Processing completion 4 of 4
2024-12-10 14:59:17,051 - root - INFO - Processing completion 1 of 4
2024-12-10 14:59:26,992 - root - INFO - Processing completion 2 of 4
2024-12-10 14:59:35,738 - root - INFO - Processing completion 3 of 4
2024-12-10 14:59:43,079 - root - INFO - Processing completion 4 of 4
2024-12-10 14:59:52,515 - root - INFO - Processing completion 1 of 4
2024-12-10 15:00:01,342 - root - INFO - Processing completion 2 of 4
2024-12-10 15:00:08,650 - root - INFO - Processing completion 3 of 4
2024-12-10 15:00:15,100 - root - INFO - Processing completion 4 of 4
2024-12-10 15:00:24,752 - root - INFO - Processing completion 1 of 4
2024-12-10 15:00:28,325 - root - INFO - Processing completion 2 of 4
2024-12-10 15:00:33,147 - root - INFO - Processing completion 3 of 4
2024-12-10 15:00:39,500 - root - INFO - Processing completion 4 of 4
2024-12-10 15:00:43,708 - root - INFO - Processing completion 1 of 4
2024-12-10 15:00:48,140 - root - INFO - Processing completion 2 of 4
2024-12-10 15:00:58,031 - root - INFO - Processing completion 3 of 4
2024-12-10 15:01:07,951 - root - INFO - Processing completion 4 of 4
2024-12-10 15:01:16,763 - root - INFO - Processing completion 1 of 4
2024-12-10 15:01:17,977 - root - INFO - Processing completion 2 of 4
2024-12-10 15:01:19,072 - root - INFO - Processing completion 3 of 4
2024-12-10 15:01:20,001 - root - INFO - Processing completion 4 of 4
2024-12-10 15:01:20,666 - root - INFO - Processing completion 1 of 4
2024-12-10 15:01:26,596 - root - INFO - Processing completion 2 of 4
2024-12-10 15:01:36,569 - root - INFO - Processing completion 3 of 4
2024-12-10 15:01:46,344 - root - INFO - Processing completion 4 of 4
2024-12-10 15:01:53,606 - root - INFO - Processing completion 1 of 4
2024-12-10 15:02:03,331 - root - INFO - Processing completion 2 of 4
2024-12-10 15:02:12,177 - root - INFO - Processing completion 3 of 4
2024-12-10 15:02:21,510 - root - INFO - Processing completion 4 of 4
2024-12-10 15:02:30,738 - root - INFO - Processing completion 1 of 4
2024-12-10 15:02:34,374 - root - INFO - Processing completion 2 of 4
2024-12-10 15:02:38,536 - root - INFO - Processing completion 3 of 4
2024-12-10 15:02:42,102 - root - INFO - Processing completion 4 of 4
2024-12-10 15:02:45,287 - root - INFO - Processing completion 1 of 4
2024-12-10 15:02:45,478 - root - INFO - Processing completion 2 of 4
2024-12-10 15:02:45,771 - root - INFO - Processing completion 3 of 4
2024-12-10 15:02:46,577 - root - INFO - Processing completion 4 of 4
2024-12-10 15:02:46,987 - root - INFO - Processing completion 1 of 4
2024-12-10 15:02:56,139 - root - INFO - Processing completion 2 of 4
2024-12-10 15:03:01,853 - root - INFO - Processing completion 3 of 4
2024-12-10 15:03:05,339 - root - INFO - Processing completion 4 of 4
2024-12-10 15:03:14,596 - root - INFO - Processing completion 1 of 4
2024-12-10 15:03:17,753 - root - INFO - Processing completion 2 of 4
2024-12-10 15:03:22,320 - root - INFO - Processing completion 3 of 4
2024-12-10 15:03:27,538 - root - INFO - Processing completion 4 of 4
2024-12-10 15:03:30,574 - root - INFO - Processing completion 1 of 4
2024-12-10 15:03:39,769 - root - INFO - Processing completion 2 of 4
2024-12-10 15:03:48,917 - root - INFO - Processing completion 3 of 4
2024-12-10 15:03:57,522 - root - INFO - Processing completion 4 of 4
2024-12-10 15:04:06,013 - root - INFO - Processing completion 1 of 4
2024-12-10 15:04:15,072 - root - INFO - Processing completion 2 of 4
2024-12-10 15:04:23,269 - root - INFO - Processing completion 3 of 4
2024-12-10 15:04:31,649 - root - INFO - Processing completion 4 of 4
2024-12-10 15:04:40,776 - root - INFO - Processing completion 1 of 4
2024-12-10 15:04:49,964 - root - INFO - Processing completion 2 of 4
2024-12-10 15:04:58,554 - root - INFO - Processing completion 3 of 4
2024-12-10 15:05:08,235 - root - INFO - Processing completion 4 of 4
2024-12-10 15:05:17,574 - root - INFO - Processing completion 1 of 4
2024-12-10 15:05:24,405 - root - INFO - Processing completion 2 of 4
2024-12-10 15:05:27,952 - root - INFO - Processing completion 3 of 4
2024-12-10 15:05:34,067 - root - INFO - Processing completion 4 of 4
2024-12-10 15:05:43,570 - root - INFO - Processing completion 1 of 4
2024-12-10 15:05:48,017 - root - INFO - Processing completion 2 of 4
2024-12-10 15:05:51,528 - root - INFO - Processing completion 3 of 4
2024-12-10 15:05:54,368 - root - INFO - Processing completion 4 of 4
2024-12-10 15:05:57,506 - root - INFO - Processing completion 1 of 4
2024-12-10 15:06:05,218 - root - INFO - Processing completion 2 of 4
2024-12-10 15:06:10,255 - root - INFO - Processing completion 3 of 4
2024-12-10 15:06:19,525 - root - INFO - Processing completion 4 of 4
2024-12-10 15:06:28,622 - root - INFO - Processing completion 1 of 4
2024-12-10 15:06:38,329 - root - INFO - Processing completion 2 of 4
2024-12-10 15:06:47,674 - root - INFO - Processing completion 3 of 4
2024-12-10 15:06:57,128 - root - INFO - Processing completion 4 of 4
2024-12-10 15:07:06,472 - root - INFO - Processing completion 1 of 4
2024-12-10 15:07:15,981 - root - INFO - Processing completion 2 of 4
2024-12-10 15:07:23,574 - root - INFO - Processing completion 3 of 4
2024-12-10 15:07:30,388 - root - INFO - Processing completion 4 of 4
2024-12-10 15:07:38,671 - root - INFO - Processing completion 1 of 4
2024-12-10 15:07:46,587 - root - INFO - Processing completion 2 of 4
2024-12-10 15:07:53,271 - root - INFO - Processing completion 3 of 4
2024-12-10 15:08:02,482 - root - INFO - Processing completion 4 of 4
2024-12-10 15:08:05,693 - root - INFO - Processing completion 1 of 4
2024-12-10 15:08:15,507 - root - INFO - Processing completion 2 of 4
2024-12-10 15:08:25,154 - root - INFO - Processing completion 3 of 4
2024-12-10 15:08:34,805 - root - INFO - Processing completion 4 of 4
2024-12-10 15:08:44,482 - root - INFO - Processing completion 1 of 4
2024-12-10 15:08:54,185 - root - INFO - Processing completion 2 of 4
2024-12-10 15:09:00,438 - root - INFO - Processing completion 3 of 4
2024-12-10 15:09:10,080 - root - INFO - Processing completion 4 of 4
2024-12-10 15:09:13,673 - root - INFO - Processing completion 1 of 4
2024-12-10 15:09:15,449 - root - INFO - Processing completion 2 of 4
2024-12-10 15:09:17,337 - root - INFO - Processing completion 3 of 4
2024-12-10 15:09:20,577 - root - INFO - Processing completion 4 of 4
2024-12-10 15:09:23,137 - root - INFO - Processing completion 1 of 4
2024-12-10 15:09:29,756 - root - INFO - Processing completion 2 of 4
2024-12-10 15:09:39,331 - root - INFO - Processing completion 3 of 4
2024-12-10 15:09:48,847 - root - INFO - Processing completion 4 of 4
2024-12-10 15:09:57,806 - root - INFO - Processing completion 1 of 4
2024-12-10 15:10:07,675 - root - INFO - Processing completion 2 of 4
2024-12-10 15:10:15,240 - root - INFO - Processing completion 3 of 4
2024-12-10 15:10:24,949 - root - INFO - Processing completion 4 of 4
2024-12-10 15:10:32,695 - root - INFO - Processing completion 1 of 4
2024-12-10 15:10:36,446 - root - INFO - Processing completion 2 of 4
2024-12-10 15:10:46,226 - root - INFO - Processing completion 3 of 4
2024-12-10 15:10:55,640 - root - INFO - Processing completion 4 of 4
2024-12-10 15:10:56,706 - root - INFO - Processing completion 1 of 4
2024-12-10 15:11:06,390 - root - INFO - Processing completion 2 of 4
2024-12-10 15:11:15,664 - root - INFO - Processing completion 3 of 4
2024-12-10 15:11:25,302 - root - INFO - Processing completion 4 of 4
2024-12-10 15:11:34,475 - root - INFO - Processing completion 1 of 4
2024-12-10 15:11:43,787 - root - INFO - Processing completion 2 of 4
2024-12-10 15:11:53,105 - root - INFO - Processing completion 3 of 4
2024-12-10 15:12:02,371 - root - INFO - Processing completion 4 of 4
2024-12-10 15:12:09,878 - root - INFO - Processing completion 1 of 4
2024-12-10 15:12:19,151 - root - INFO - Processing completion 2 of 4
2024-12-10 15:12:28,451 - root - INFO - Processing completion 3 of 4
2024-12-10 15:12:34,282 - root - INFO - Processing completion 4 of 4
2024-12-10 15:12:41,892 - root - INFO - Processing completion 1 of 4
2024-12-10 15:12:51,805 - root - INFO - Processing completion 2 of 4
2024-12-10 15:13:01,054 - root - INFO - Processing completion 3 of 4
2024-12-10 15:13:10,310 - root - INFO - Processing completion 4 of 4
2024-12-10 15:13:19,639 - root - INFO - Processing completion 1 of 4
2024-12-10 15:13:21,505 - root - INFO - Processing completion 2 of 4
2024-12-10 15:13:24,201 - root - INFO - Processing completion 3 of 4
2024-12-10 15:13:25,846 - root - INFO - Processing completion 4 of 4
2024-12-10 15:13:26,798 - root - INFO - Processing completion 1 of 4
2024-12-10 15:13:32,521 - root - INFO - Processing completion 2 of 4
2024-12-10 15:13:41,937 - root - INFO - Processing completion 3 of 4
2024-12-10 15:13:50,848 - root - INFO - Processing completion 4 of 4
2024-12-10 15:13:55,296 - root - INFO - Processing completion 1 of 4
2024-12-10 15:14:05,090 - root - INFO - Processing completion 2 of 4
2024-12-10 15:14:14,340 - root - INFO - Processing completion 3 of 4
2024-12-10 15:14:22,790 - root - INFO - Processing completion 4 of 4
2024-12-10 15:14:31,241 - root - INFO - Processing completion 1 of 4
2024-12-10 15:14:37,034 - root - INFO - Processing completion 2 of 4
2024-12-10 15:14:42,717 - root - INFO - Processing completion 3 of 4
2024-12-10 15:14:48,429 - root - INFO - Processing completion 4 of 4
2024-12-10 15:14:56,538 - root - INFO - Processing completion 1 of 4
2024-12-10 15:15:00,239 - root - INFO - Processing completion 2 of 4
2024-12-10 15:15:09,819 - root - INFO - Processing completion 3 of 4
2024-12-10 15:15:17,343 - root - INFO - Processing completion 4 of 4
2024-12-10 15:15:23,031 - root - INFO - Processing completion 1 of 4
2024-12-10 15:15:31,001 - root - INFO - Processing completion 2 of 4
2024-12-10 15:15:40,580 - root - INFO - Processing completion 3 of 4
2024-12-10 15:15:50,093 - root - INFO - Processing completion 4 of 4
2024-12-10 15:15:59,563 - root - INFO - Processing completion 1 of 4
2024-12-10 15:16:07,500 - root - INFO - Processing completion 2 of 4
2024-12-10 15:16:11,250 - root - INFO - Processing completion 3 of 4
2024-12-10 15:16:20,400 - root - INFO - Processing completion 4 of 4
2024-12-10 15:16:27,991 - root - INFO - Processing completion 1 of 4
2024-12-10 15:16:31,794 - root - INFO - Processing completion 2 of 4
2024-12-10 15:16:36,224 - root - INFO - Processing completion 3 of 4
2024-12-10 15:16:40,388 - root - INFO - Processing completion 4 of 4
2024-12-10 15:16:44,336 - root - INFO - Processing completion 1 of 4
2024-12-10 15:16:54,538 - root - INFO - Processing completion 2 of 4
2024-12-10 15:16:57,567 - root - INFO - Processing completion 3 of 4
2024-12-10 15:17:04,919 - root - INFO - Processing completion 4 of 4
2024-12-10 15:17:14,419 - root - INFO - Processing completion 1 of 4
2024-12-10 15:17:19,962 - root - INFO - Processing completion 2 of 4
2024-12-10 15:17:25,327 - root - INFO - Processing completion 3 of 4
2024-12-10 15:17:30,325 - root - INFO - Processing completion 4 of 4
2024-12-10 15:17:36,253 - root - INFO - Processing completion 1 of 4
2024-12-10 15:17:40,374 - root - INFO - Processing completion 2 of 4
2024-12-10 15:17:43,943 - root - INFO - Processing completion 3 of 4
2024-12-10 15:17:53,514 - root - INFO - Processing completion 4 of 4
2024-12-10 15:18:02,137 - root - INFO - Processing completion 1 of 4
2024-12-10 15:18:06,281 - root - INFO - Processing completion 2 of 4
2024-12-10 15:18:15,790 - root - INFO - Processing completion 3 of 4
2024-12-10 15:18:21,098 - root - INFO - Processing completion 4 of 4
2024-12-10 15:18:30,820 - root - INFO - Processing completion 1 of 4
2024-12-10 15:18:36,535 - root - INFO - Processing completion 2 of 4
2024-12-10 15:18:41,569 - root - INFO - Processing completion 3 of 4
2024-12-10 15:18:49,960 - root - INFO - Processing completion 4 of 4
2024-12-10 15:18:55,927 - root - INFO - Processing completion 1 of 4
2024-12-10 15:19:05,760 - root - INFO - Processing completion 2 of 4
2024-12-10 15:19:11,102 - root - INFO - Processing completion 3 of 4
2024-12-10 15:19:19,049 - root - INFO - Processing completion 4 of 4
2024-12-10 15:19:24,227 - root - INFO - Processing completion 1 of 4
2024-12-10 15:19:33,403 - root - INFO - Processing completion 2 of 4
2024-12-10 15:19:42,644 - root - INFO - Processing completion 3 of 4
2024-12-10 15:19:51,594 - root - INFO - Processing completion 4 of 4
2024-12-10 15:19:59,959 - root - INFO - Processing completion 1 of 4
2024-12-10 15:20:05,547 - root - INFO - Processing completion 2 of 4
2024-12-10 15:20:10,954 - root - INFO - Processing completion 3 of 4
2024-12-10 15:20:14,579 - root - INFO - Processing completion 4 of 4
2024-12-10 15:20:17,566 - root - INFO - Processing completion 1 of 4
2024-12-10 15:20:22,272 - root - INFO - Processing completion 2 of 4
2024-12-10 15:20:30,781 - root - INFO - Processing completion 3 of 4
2024-12-10 15:20:31,376 - root - INFO - Processing completion 4 of 4
2024-12-10 15:20:40,192 - root - INFO - Processing completion 1 of 4
2024-12-10 15:20:49,509 - root - INFO - Processing completion 2 of 4
2024-12-10 15:20:58,805 - root - INFO - Processing completion 3 of 4
2024-12-10 15:21:08,550 - root - INFO - Processing completion 4 of 4
2024-12-10 15:21:17,895 - root - INFO - Processing completion 1 of 4
2024-12-10 15:21:19,548 - root - INFO - Processing completion 2 of 4
2024-12-10 15:21:22,031 - root - INFO - Processing completion 3 of 4
2024-12-10 15:21:26,482 - root - INFO - Processing completion 4 of 4
2024-12-10 15:21:29,830 - root - INFO - Processing completion 1 of 4
2024-12-10 15:21:32,378 - root - INFO - Processing completion 2 of 4
2024-12-10 15:21:34,844 - root - INFO - Processing completion 3 of 4
2024-12-10 15:21:37,984 - root - INFO - Processing completion 4 of 4
2024-12-10 15:21:40,760 - root - INFO - Processing completion 1 of 4
2024-12-10 15:21:43,998 - root - INFO - Processing completion 2 of 4
2024-12-10 15:21:48,219 - root - INFO - Processing completion 3 of 4
2024-12-10 15:21:51,949 - root - INFO - Processing completion 4 of 4
2024-12-10 15:21:57,279 - root - INFO - Processing completion 1 of 4
2024-12-10 15:22:00,560 - root - INFO - Processing completion 2 of 4
2024-12-10 15:22:07,092 - root - INFO - Processing completion 3 of 4
2024-12-10 15:22:09,481 - root - INFO - Processing completion 4 of 4
2024-12-10 15:22:14,172 - root - INFO - Processing completion 1 of 4
2024-12-10 15:22:16,585 - root - INFO - Processing completion 2 of 4
2024-12-10 15:22:19,177 - root - INFO - Processing completion 3 of 4
2024-12-10 15:22:23,314 - root - INFO - Processing completion 4 of 4
2024-12-10 15:22:29,066 - root - INFO - Processing completion 1 of 4
2024-12-10 15:22:36,029 - root - INFO - Processing completion 2 of 4
2024-12-10 15:22:42,446 - root - INFO - Processing completion 3 of 4
2024-12-10 15:22:49,573 - root - INFO - Processing completion 4 of 4
2024-12-10 15:22:54,444 - root - INFO - Processing completion 1 of 4
2024-12-10 15:22:55,474 - root - INFO - Processing completion 2 of 4
2024-12-10 15:22:57,085 - root - INFO - Processing completion 3 of 4
2024-12-10 15:22:58,220 - root - INFO - Processing completion 4 of 4
2024-12-10 15:22:59,420 - root - INFO - Processing completion 1 of 4
2024-12-10 15:23:09,201 - root - INFO - Processing completion 2 of 4
2024-12-10 15:23:18,351 - root - INFO - Processing completion 3 of 4
2024-12-10 15:23:22,778 - root - INFO - Processing completion 4 of 4
2024-12-10 15:23:26,713 - root - INFO - Processing completion 1 of 4
2024-12-10 15:23:33,637 - root - INFO - Processing completion 2 of 4
2024-12-10 15:23:42,717 - root - INFO - Processing completion 3 of 4
2024-12-10 15:23:50,943 - root - INFO - Processing completion 4 of 4
2024-12-10 15:23:57,557 - root - INFO - Processing completion 1 of 4
2024-12-10 15:24:06,622 - root - INFO - Processing completion 2 of 4
2024-12-10 15:24:08,879 - root - INFO - Processing completion 3 of 4
2024-12-10 15:24:15,757 - root - INFO - Processing completion 4 of 4
2024-12-10 15:24:24,704 - root - INFO - Processing completion 1 of 4
2024-12-10 15:24:31,176 - root - INFO - Processing completion 2 of 4
2024-12-10 15:24:40,307 - root - INFO - Processing completion 3 of 4
2024-12-10 15:24:42,592 - root - INFO - Processing completion 4 of 4
2024-12-10 15:24:51,713 - root - INFO - Processing completion 1 of 4
2024-12-10 15:24:53,970 - root - INFO - Processing completion 2 of 4
2024-12-10 15:24:58,229 - root - INFO - Processing completion 3 of 4
2024-12-10 15:25:02,320 - root - INFO - Processing completion 4 of 4
2024-12-10 15:25:03,826 - root - INFO - Processing completion 1 of 4
2024-12-10 15:25:12,822 - root - INFO - Processing completion 2 of 4
2024-12-10 15:25:17,840 - root - INFO - Processing completion 3 of 4
2024-12-10 15:25:22,585 - root - INFO - Processing completion 4 of 4
2024-12-10 15:25:31,380 - root - INFO - Processing completion 1 of 4
2024-12-10 15:25:38,413 - root - INFO - Processing completion 2 of 4
2024-12-10 15:25:43,016 - root - INFO - Processing completion 3 of 4
2024-12-10 15:25:47,794 - root - INFO - Processing completion 4 of 4
2024-12-10 15:25:50,507 - root - INFO - Processing completion 1 of 4
2024-12-10 15:25:55,062 - root - INFO - Processing completion 2 of 4
2024-12-10 15:26:01,666 - root - INFO - Processing completion 3 of 4
2024-12-10 15:26:06,906 - root - INFO - Processing completion 4 of 4
2024-12-10 15:26:13,080 - root - INFO - Processing completion 1 of 4
2024-12-10 15:26:19,218 - root - INFO - Processing completion 2 of 4
2024-12-10 15:26:21,759 - root - INFO - Processing completion 3 of 4
2024-12-10 15:26:30,037 - root - INFO - Processing completion 4 of 4
2024-12-10 15:26:34,815 - root - INFO - Processing completion 1 of 4
2024-12-10 15:26:40,127 - root - INFO - Processing completion 2 of 4
2024-12-10 15:26:47,085 - root - INFO - Processing completion 3 of 4
2024-12-10 15:26:49,299 - root - INFO - Processing completion 4 of 4
2024-12-10 15:26:53,880 - root - INFO - Processing completion 1 of 4
2024-12-10 15:27:00,188 - root - INFO - Processing completion 2 of 4
2024-12-10 15:27:08,701 - root - INFO - Processing completion 3 of 4
2024-12-10 15:27:13,528 - root - INFO - Processing completion 4 of 4
2024-12-10 15:27:23,305 - root - INFO - Processing completion 1 of 4
2024-12-10 15:27:33,644 - root - INFO - Processing completion 2 of 4
2024-12-10 15:27:43,132 - root - INFO - Processing completion 3 of 4
2024-12-10 15:27:52,197 - root - INFO - Processing completion 4 of 4
2024-12-10 15:28:01,608 - root - INFO - Processing completion 1 of 4
2024-12-10 15:28:09,104 - root - INFO - Processing completion 2 of 4
2024-12-10 15:28:17,068 - root - INFO - Processing completion 3 of 4
2024-12-10 15:28:20,764 - root - INFO - Processing completion 4 of 4
2024-12-10 15:28:27,210 - root - INFO - Processing completion 1 of 4
2024-12-10 15:28:34,943 - root - INFO - Processing completion 2 of 4
2024-12-10 15:28:43,960 - root - INFO - Processing completion 3 of 4
2024-12-10 15:28:47,504 - root - INFO - Processing completion 4 of 4
2024-12-10 15:28:49,240 - root - INFO - Processing completion 1 of 4
2024-12-10 15:28:56,319 - root - INFO - Processing completion 2 of 4
2024-12-10 15:29:01,858 - root - INFO - Processing completion 3 of 4
2024-12-10 15:29:08,540 - root - INFO - Processing completion 4 of 4
2024-12-10 15:29:13,236 - root - INFO - Processing completion 1 of 4
2024-12-10 15:29:16,119 - root - INFO - Processing completion 2 of 4
2024-12-10 15:29:19,315 - root - INFO - Processing completion 3 of 4
2024-12-10 15:29:21,921 - root - INFO - Processing completion 4 of 4
2024-12-10 15:29:24,802 - root - INFO - Processing completion 1 of 4
2024-12-10 15:29:28,539 - root - INFO - Processing completion 2 of 4
2024-12-10 15:29:32,377 - root - INFO - Processing completion 3 of 4
2024-12-10 15:29:35,115 - root - INFO - Processing completion 4 of 4
2024-12-10 15:29:38,162 - root - INFO - Processing completion 1 of 4
2024-12-10 15:29:47,724 - root - INFO - Processing completion 2 of 4
2024-12-10 15:29:55,833 - root - INFO - Processing completion 3 of 4
2024-12-10 15:30:04,723 - root - INFO - Processing completion 4 of 4
2024-12-10 15:30:09,604 - root - INFO - Processing completion 1 of 4
2024-12-10 15:30:12,806 - root - INFO - Processing completion 2 of 4
2024-12-10 15:30:15,390 - root - INFO - Processing completion 3 of 4
2024-12-10 15:30:18,926 - root - INFO - Processing completion 4 of 4
2024-12-10 15:30:22,133 - root - INFO - Processing completion 1 of 4
2024-12-10 15:30:33,027 - root - INFO - Processing completion 2 of 4
2024-12-10 15:30:43,646 - root - INFO - Processing completion 3 of 4
2024-12-10 15:30:54,220 - root - INFO - Processing completion 4 of 4
2024-12-10 15:31:01,618 - root - INFO - Processing completion 1 of 4
2024-12-10 15:31:01,961 - root - INFO - Processing completion 2 of 4
2024-12-10 15:31:04,393 - root - INFO - Processing completion 3 of 4
2024-12-10 15:31:06,757 - root - INFO - Processing completion 4 of 4
2024-12-10 15:31:07,130 - root - INFO - Processing completion 1 of 4
2024-12-10 15:31:18,149 - root - INFO - Processing completion 2 of 4
2024-12-10 15:31:28,781 - root - INFO - Processing completion 3 of 4
2024-12-10 15:31:39,190 - root - INFO - Processing completion 4 of 4
2024-12-10 15:31:43,734 - root - INFO - Processing completion 1 of 4
2024-12-10 15:31:47,169 - root - INFO - Processing completion 2 of 4
2024-12-10 15:31:57,131 - root - INFO - Processing completion 3 of 4
2024-12-10 15:32:07,727 - root - INFO - Processing completion 4 of 4
2024-12-10 15:32:17,971 - root - INFO - Processing completion 1 of 4
2024-12-10 15:32:23,229 - root - INFO - Processing completion 2 of 4
2024-12-10 15:32:28,775 - root - INFO - Processing completion 3 of 4
2024-12-10 15:32:32,037 - root - INFO - Processing completion 4 of 4
2024-12-10 15:32:40,167 - root - INFO - Processing completion 1 of 4
2024-12-10 15:32:50,954 - root - INFO - Processing completion 2 of 4
2024-12-10 15:33:00,996 - root - INFO - Processing completion 3 of 4
2024-12-10 15:33:05,611 - root - INFO - Processing completion 4 of 4
2024-12-10 15:33:14,234 - root - INFO - Processing completion 1 of 4
2024-12-10 15:33:16,870 - root - INFO - Processing completion 2 of 4
2024-12-10 15:33:19,586 - root - INFO - Processing completion 3 of 4
2024-12-10 15:33:21,923 - root - INFO - Processing completion 4 of 4
2024-12-10 15:33:26,017 - root - INFO - Processing completion 1 of 4
2024-12-10 15:33:35,539 - root - INFO - Processing completion 2 of 4
2024-12-10 15:33:44,900 - root - INFO - Processing completion 3 of 4
2024-12-10 15:33:54,360 - root - INFO - Processing completion 4 of 4
2024-12-10 15:34:03,870 - root - INFO - Processing completion 1 of 4
2024-12-10 15:34:13,508 - root - INFO - Processing completion 2 of 4
2024-12-10 15:34:23,133 - root - INFO - Processing completion 3 of 4
2024-12-10 15:34:30,708 - root - INFO - Processing completion 4 of 4
2024-12-10 15:34:40,363 - root - INFO - Processing completion 1 of 4
2024-12-10 15:34:40,831 - root - INFO - Processing completion 2 of 4
2024-12-10 15:34:41,524 - root - INFO - Processing completion 3 of 4
2024-12-10 15:34:42,210 - root - INFO - Processing completion 4 of 4
2024-12-10 15:34:42,673 - root - INFO - Processing completion 1 of 4
2024-12-10 15:34:51,975 - root - INFO - Processing completion 2 of 4
2024-12-10 15:35:01,479 - root - INFO - Processing completion 3 of 4
2024-12-10 15:35:08,034 - root - INFO - Processing completion 4 of 4
2024-12-10 15:35:17,522 - root - INFO - Processing completion 1 of 4
2024-12-10 15:35:19,681 - root - INFO - Processing completion 2 of 4
2024-12-10 15:35:23,252 - root - INFO - Processing completion 3 of 4
2024-12-10 15:35:32,001 - root - INFO - Processing completion 4 of 4
2024-12-10 15:35:34,836 - root - INFO - Processing completion 1 of 4
2024-12-10 15:35:43,905 - root - INFO - Processing completion 2 of 4
2024-12-10 15:35:52,882 - root - INFO - Processing completion 3 of 4
2024-12-10 15:36:02,118 - root - INFO - Processing completion 4 of 4
2024-12-10 15:36:09,877 - root - INFO - Processing completion 1 of 4
2024-12-10 15:36:12,160 - root - INFO - Processing completion 2 of 4
2024-12-10 15:36:16,707 - root - INFO - Processing completion 3 of 4
2024-12-10 15:36:19,947 - root - INFO - Processing completion 4 of 4
2024-12-10 15:36:24,156 - root - INFO - Processing completion 1 of 4
2024-12-10 15:36:27,029 - root - INFO - Processing completion 2 of 4
2024-12-10 15:36:28,578 - root - INFO - Processing completion 3 of 4
2024-12-10 15:36:30,253 - root - INFO - Processing completion 4 of 4
2024-12-10 16:01:53,876 - root - INFO - Generating DPO dataset from preferences: /mnt/bn/merlin-datavolume-tsy/leon/datasets/self-rewarding//0_2_preferences.json
Generating train split: 0 examples [00:00, ? examples/s]Generating train split: 100 examples [00:00, 14821.39 examples/s]
Map:   0%|          | 0/100 [00:00<?, ? examples/s]Map: 100%|██████████| 100/100 [00:00<00:00, 7458.13 examples/s]
is bf16: 1
is fp16: 0
Extracting prompt from train dataset:   0%|          | 0/100 [00:00<?, ? examples/s]Extracting prompt from train dataset: 100%|██████████| 100/100 [00:00<00:00, 10013.86 examples/s]
Applying chat template to train dataset:   0%|          | 0/100 [00:00<?, ? examples/s]Applying chat template to train dataset: 100%|██████████| 100/100 [00:00<00:00, 10907.33 examples/s]
Tokenizing train dataset:   0%|          | 0/100 [00:00<?, ? examples/s]Tokenizing train dataset: 100%|██████████| 100/100 [00:00<00:00, 998.56 examples/s]Tokenizing train dataset: 100%|██████████| 100/100 [00:00<00:00, 981.03 examples/s]
Traceback (most recent call last):
  File "/mnt/bn/data-tns-live-llm/leon/FedSPA/main_self_reward.py", line 144, in <module>
    preference_path = f"{script_args.generate_data_path}/{client}_{round}_preferences.json"
              ^^^^^^^^^^^^^^^
  File "<string>", line 35, in train
RuntimeError: Unsloth currently does not support multi GPU setups - but we are working on it!
